id,height,weight,base_happiness,is_baby,is_legendary,is_mythical,genus,hp_stat,attack_stat,defense_stat,special_attack_stat,special_defense_stat,speed_stat,type_1,type_2,shape
1,-0.424,-0.488,-0.186,0,0,0,Seed Pokémon,-0.917,-0.922,-0.781,-0.178,-0.202,-0.763,Grama,Venenoso,Quadrúpede
2,-0.149,-0.433,-0.186,0,0,0,Seed Pokémon,-0.34,-0.483,-0.31,0.323,0.344,-0.229,Grama,Venenoso,Quadrúpede
3,0.767,0.342,-0.186,0,0,0,Seed Pokémon,0.429,0.191,0.362,0.993,1.073,0.483,Grama,Venenoso,Quadrúpede
4,-0.515,-0.474,-0.186,0,0,0,Lizard Pokémon,-1.147,-0.821,-0.982,-0.346,-0.749,-0.051,Fogo,,Ereto
5,-0.057,-0.38,-0.186,0,0,0,Flame Pokémon,-0.417,-0.416,-0.478,0.323,-0.202,0.483,Fogo,,Ereto
6,0.492,0.258,-0.186,0,0,0,Flame Pokémon,0.352,0.258,0.194,1.294,0.527,1.195,Fogo,Voador,Ereto
7,-0.607,-0.469,-0.186,0,0,0,Tiny Turtle Pokémon,-0.955,-0.956,-0.243,-0.68,-0.239,-0.835,Água,,Ereto
8,-0.149,-0.349,-0.186,0,0,0,Turtle Pokémon,-0.378,-0.45,0.261,-0.178,0.344,-0.301,Água,,Ereto
9,0.401,0.213,-0.186,0,0,0,Shellfish Pokémon,0.391,0.225,0.934,0.491,1.255,0.412,Água,,Ereto
10,-0.79,-0.523,-0.186,0,0,0,Worm Pokémon,-0.917,-1.562,-1.251,-1.684,-1.842,-0.763,Inseto,,Com armadura
11,-0.424,-0.461,-0.186,0,0,0,Cocoon Pokémon,-0.724,-1.9,-0.579,-1.517,-1.659,-1.298,Inseto,,Rabiscado
12,-0.057,-0.264,-0.186,0,0,0,Butterfly Pokémon,-0.34,-1.057,-0.747,0.658,0.344,0.127,Inseto,Voador,Com asas de inseto
13,-0.79,-0.521,0.799,0,0,0,Hairy Bug Pokémon,-1.109,-1.394,-1.42,-1.684,-1.842,-0.585,Inseto,Venenoso,Com armadura
14,-0.515,-0.46,0.799,0,0,0,Cocoon Pokémon,-0.917,-1.731,-0.747,-1.517,-1.659,-1.12,Inseto,Venenoso,Rabiscado
15,-0.149,-0.286,0.799,0,0,0,Poison Bee Pokémon,-0.148,0.461,-1.083,-0.848,0.344,0.305,Inseto,Venenoso,Com asas de inseto
16,-0.79,-0.533,0.799,0,0,0,Tiny Bird Pokémon,-1.109,-1.057,-1.083,-1.182,-1.295,-0.372,Normal,Voador,Com asas
17,-0.057,-0.282,0.799,0,0,0,Bird Pokémon,-0.224,-0.551,-0.579,-0.68,-0.749,0.162,Normal,Voador,Com asas
18,0.309,-0.197,0.799,0,0,0,Bird Pokémon,0.545,0.123,0.093,-0.011,-0.02,1.231,Normal,Voador,Com asas
19,-0.79,-0.518,0.799,0,0,0,Mouse Pokémon,-1.493,-0.686,-1.251,-1.517,-1.295,0.198,Normal,,Quadrúpede
20,-0.424,-0.384,0.799,0,0,0,Mouse Pokémon,-0.532,0.157,-0.411,-0.68,-0.02,1.088,Normal,,Quadrúpede
21,-0.79,-0.531,0.799,0,0,0,Tiny Bird Pokémon,-1.109,-0.551,-1.42,-1.316,-1.441,0.127,Normal,Voador,Com asas
22,0.034,-0.21,0.799,0,0,0,Beak Pokémon,-0.148,0.461,-0.243,-0.312,-0.348,1.195,Normal,Voador,Com asas
23,0.767,-0.488,0.799,0,0,0,Snake Pokémon,-1.301,-0.551,-0.949,-1.015,-0.603,-0.407,Venenoso,,Rabiscado
24,2.141,0.03,0.799,0,0,0,Cobra Pokémon,-0.34,0.629,-0.108,-0.178,0.308,0.483,Venenoso,,Rabiscado
25,-0.698,-0.496,-0.186,0,0,0,Mouse Pokémon,-1.301,-0.719,-1.083,-0.68,-0.749,0.839,Elétrico,,Quadrúpede
26,-0.332,-0.282,-0.186,0,0,0,Mouse Pokémon,-0.34,0.461,-0.579,0.658,0.344,1.551,Elétrico,,Ereto
27,-0.515,-0.442,-0.186,0,0,0,Mouse Pokémon,-0.724,-0.045,0.43,-1.684,-1.477,-0.942,Terrestre,,Ereto
28,-0.149,-0.286,-0.186,0,0,0,Mouse Pokémon,0.237,0.798,1.27,-0.848,-0.566,-0.051,Terrestre,,Ereto
29,-0.698,-0.487,-0.186,0,0,0,Poison Pin Pokémon,-0.532,-0.989,-0.68,-1.015,-1.113,-0.906,Venenoso,,Quadrúpede
30,-0.332,-0.371,-0.186,0,0,0,Poison Pin Pokémon,0.045,-0.483,-0.176,-0.513,-0.566,-0.372,Venenoso,,Quadrúpede
31,0.126,-0.014,-0.186,0,0,0,Drill Pokémon,0.814,0.528,0.497,0.156,0.527,0.34,Venenoso,Terrestre,Ereto
32,-0.607,-0.469,-0.186,0,0,0,Poison Pin Pokémon,-0.878,-0.652,-1.083,-1.015,-1.113,-0.585,Venenoso,,Quadrúpede
33,-0.24,-0.375,-0.186,0,0,0,Poison Pin Pokémon,-0.301,-0.146,-0.512,-0.513,-0.566,-0.051,Venenoso,,Quadrúpede
34,0.218,0.003,-0.186,0,0,0,Drill Pokémon,0.468,0.865,0.161,0.491,0.162,0.661,Venenoso,Terrestre,Ereto
35,-0.515,-0.482,4.247,0,0,0,Fairy Pokémon,0.045,-1.057,-0.814,-0.346,-0.202,-1.12,Fada,,Ereto
36,0.126,-0.193,4.247,0,0,0,Fairy Pokémon,1.006,-0.214,0.026,0.825,0.709,-0.229,Fada,,Ereto
37,-0.515,-0.461,-0.186,0,0,0,Fox Pokémon,-1.186,-1.192,-1.083,-0.68,-0.202,-0.051,Fogo,,Quadrúpede
38,-0.057,-0.372,-0.186,0,0,0,Fox Pokémon,0.16,-0.011,0.093,0.357,1.073,1.195,Fogo,,Quadrúpede
39,-0.607,-0.5,-0.186,0,0,0,Balloon Pokémon,1.775,-1.057,-1.756,-0.848,-1.659,-1.654,Normal,Fada,Humanoide
40,-0.149,-0.442,-0.186,0,0,0,Balloon Pokémon,2.737,-0.214,-0.915,0.491,-0.749,-0.763,Normal,Fada,Humanoide
41,-0.332,-0.482,-0.186,0,0,0,Bat Pokémon,-1.109,-1.057,-1.251,-1.349,-1.113,-0.407,Venenoso,Voador,Com asas
42,0.401,-0.059,-0.186,0,0,0,Bat Pokémon,0.237,0.123,-0.075,-0.178,0.162,0.839,Venenoso,Voador,Com asas
43,-0.607,-0.501,-0.186,0,0,0,Weed Pokémon,-0.917,-0.888,-0.579,0.156,-0.202,-1.298,Grama,Venenoso,Com pernas
44,-0.332,-0.473,-0.186,0,0,0,Weed Pokémon,-0.34,-0.382,-0.075,0.491,0.162,-0.942,Grama,Venenoso,Humanoide
45,0.034,-0.383,-0.186,0,0,0,Flower Pokémon,0.237,0.123,0.43,1.327,0.709,-0.585,Grama,Venenoso,Humanoide
46,-0.79,-0.501,0.799,0,0,0,Mushroom Pokémon,-1.301,-0.214,-0.579,-0.848,-0.566,-1.476,Inseto,Grama,Com armadura
47,-0.149,-0.286,0.799,0,0,0,Mushroom Pokémon,-0.34,0.629,0.261,-0.346,0.344,-1.298,Inseto,Grama,Com armadura
48,-0.149,-0.282,0.799,0,0,0,Insect Pokémon,-0.34,-0.719,-0.747,-1.015,-0.566,-0.763,Inseto,Venenoso,Humanoide
49,0.309,-0.438,0.799,0,0,0,Poison Moth Pokémon,0.045,-0.382,-0.411,0.658,0.162,0.839,Inseto,Venenoso,Com asas de inseto
50,-0.882,-0.542,-0.186,0,0,0,Mole Pokémon,-2.263,-0.719,-1.588,-1.182,-0.931,1.017,Terrestre,,Massa informe
51,-0.424,-0.252,-0.186,0,0,0,Mole Pokémon,-1.301,0.798,-0.747,-0.68,-0.02,1.907,Terrestre,,Com cabeças múltiplas
52,-0.698,-0.512,-0.186,0,0,0,Scratch Cat Pokémon,-1.109,-1.057,-1.251,-1.015,-1.113,0.839,Normal,,Quadrúpede
53,-0.149,-0.264,-0.186,0,0,0,Classy Cat Pokémon,-0.148,-0.214,-0.411,-0.178,-0.202,1.729,Normal,,Quadrúpede
54,-0.332,-0.375,-0.186,0,0,0,Duck Pokémon,-0.724,-0.821,-0.814,-0.178,-0.749,-0.407,Água,,Ereto
55,0.492,0.134,-0.186,0,0,0,Duck Pokémon,0.429,0.191,0.194,0.825,0.344,0.661,Água,,Ereto
56,-0.607,-0.3,0.799,0,0,0,Pig Monkey Pokémon,-1.109,0.123,-1.251,-1.182,-0.931,0.127,Lutador,,Ereto
57,-0.149,-0.264,0.799,0,0,0,Pig Monkey Pokémon,-0.148,0.966,-0.411,-0.346,-0.02,1.017,Lutador,,Ereto
58,-0.424,-0.38,-0.186,0,0,0,Puppy Pokémon,-0.532,-0.214,-0.915,-0.011,-0.749,-0.229,Fogo,,Quadrúpede
59,0.676,0.833,-0.186,0,0,0,Legendary Pokémon,0.814,1.135,0.261,0.993,0.344,1.017,Fogo,,Quadrúpede
60,-0.515,-0.439,-0.186,0,0,0,Tadpole Pokémon,-1.109,-0.888,-1.083,-1.015,-1.113,0.839,Água,,Com pernas
61,-0.149,-0.371,-0.186,0,0,0,Tadpole Pokémon,-0.148,-0.382,-0.243,-0.68,-0.749,0.839,Água,,Humanoide
62,0.126,-0.068,-0.186,0,0,0,Tadpole Pokémon,0.814,0.629,0.766,-0.011,0.709,0.127,Água,Lutador,Humanoide
63,-0.24,-0.375,-0.186,0,0,0,Psi Pokémon,-1.686,-1.9,-1.924,1.16,-0.566,0.839,Psíquico,,Ereto
64,0.126,-0.046,-0.186,0,0,0,Psi Pokémon,-1.109,-1.394,-1.42,1.662,-0.02,1.373,Psíquico,,Ereto
65,0.309,-0.121,-0.186,0,0,0,Psi Pokémon,-0.532,-0.888,-0.915,2.164,0.891,1.907,Psíquico,,Humanoide
66,-0.332,-0.375,-0.186,0,0,0,Superpower Pokémon,0.045,0.123,-0.747,-1.182,-1.295,-1.12,Lutador,,Ereto
67,0.309,0.079,-0.186,0,0,0,Superpower Pokémon,0.429,0.798,-0.075,-0.68,-0.384,-0.763,Lutador,,Humanoide
68,0.401,0.61,-0.186,0,0,0,Superpower Pokémon,0.814,1.809,0.261,-0.178,0.527,-0.407,Lutador,,Humanoide
69,-0.424,-0.514,0.799,0,0,0,Flower Pokémon,-0.724,-0.045,-1.251,-0.011,-1.477,-0.942,Grama,Venenoso,Humanoide
70,-0.149,-0.492,0.799,0,0,0,Flycatcher Pokémon,-0.148,0.461,-0.747,0.491,-0.931,-0.407,Grama,Venenoso,Massa informe
71,0.492,-0.411,0.799,0,0,0,Flycatcher Pokémon,0.429,0.966,-0.243,0.993,-0.02,0.127,Grama,Venenoso,Massa informe
72,-0.24,-0.144,-0.186,0,0,0,Jellyfish Pokémon,-1.109,-1.225,-1.251,-0.68,1.073,0.127,Água,Venenoso,Com tentáculos
73,0.401,-0.059,-0.186,0,0,0,Jellyfish Pokémon,0.429,-0.214,-0.243,0.323,1.802,1.195,Água,Venenoso,Com tentáculos
74,-0.698,-0.371,0.799,0,0,0,Rock Pokémon,-1.109,0.123,0.934,-1.349,-1.477,-1.654,Pedra,Terrestre,Com braços
75,-0.149,0.387,0.799,0,0,0,Rock Pokémon,-0.532,0.629,1.438,-0.848,-0.931,-1.12,Pedra,Terrestre,Humanoide
76,0.218,2.125,0.799,0,0,0,Megaton Pokémon,0.429,1.472,1.942,-0.513,-0.202,-0.763,Pedra,Terrestre,Humanoide
77,-0.149,-0.282,-0.186,0,0,0,Fire Horse Pokémon,-0.724,0.292,-0.579,-0.178,-0.202,0.839,Fogo,,Quadrúpede
78,0.492,0.298,-0.186,0,0,0,Fire Horse Pokémon,-0.148,0.798,-0.075,0.323,0.344,1.373,Fogo,,Quadrúpede
79,0.034,-0.228,-0.186,0,0,0,Dopey Pokémon,0.814,-0.382,-0.243,-1.015,-1.113,-1.832,Água,Psíquico,Quadrúpede
80,0.401,0.151,-0.186,0,0,0,Hermit Crab Pokémon,1.006,-0.045,1.27,0.993,0.344,-1.298,Água,Psíquico,Ereto
81,-0.79,-0.496,-0.186,0,0,0,Magnet Pokémon,-1.686,-1.394,-0.075,0.825,-0.566,-0.763,Elétrico,Aço,Com braços
82,-0.149,-0.014,-0.186,0,0,0,Magnet Pokémon,-0.724,-0.551,0.766,1.662,-0.02,0.127,Elétrico,Aço,Com cabeças múltiplas
83,-0.332,-0.416,-0.186,0,0,0,Wild Duck Pokémon,-0.647,0.461,-0.579,-0.413,-0.311,-0.229,Normal,Voador,Com asas
84,0.218,-0.2,0.799,0,0,0,Twin Bird Pokémon,-1.301,0.292,-0.915,-1.182,-1.295,0.305,Normal,Voador,Com pernas
85,0.584,0.21,0.799,0,0,0,Triple Bird Pokémon,-0.34,1.135,-0.075,-0.346,-0.384,1.551,Normal,Voador,Com pernas
86,-0.057,0.253,0.799,0,0,0,Sea Lion Pokémon,-0.148,-1.057,-0.579,-0.848,-0.02,-0.763,Água,,Peixe
87,0.492,0.521,0.799,0,0,0,Sea Lion Pokémon,0.814,-0.214,0.261,-0.011,0.891,0.127,Água,Gelo,Peixe
88,-0.24,-0.282,0.799,0,0,0,Sludge Pokémon,0.429,0.123,-0.747,-1.015,-0.749,-1.476,Venenoso,,Com braços
89,0.034,-0.282,0.799,0,0,0,Sludge Pokémon,1.391,0.966,0.093,-0.178,1.073,-0.585,Venenoso,,Com braços
90,-0.79,-0.514,-0.186,0,0,0,Bivalve Pokémon,-1.493,-0.382,0.934,-0.848,-1.659,-0.942,Água,,Esférico
91,0.309,0.632,-0.186,0,0,0,Bivalve Pokémon,-0.724,0.629,3.623,0.491,-0.931,0.127,Água,Gelo,Esférico
92,0.126,-0.548,-0.186,0,0,0,Gas Pokémon,-1.493,-1.394,-1.42,0.993,-1.295,0.483,Fantasma,Venenoso,Esférico
93,0.401,-0.548,-0.186,0,0,0,Gas Pokémon,-0.917,-0.888,-0.915,1.494,-0.566,1.017,Fantasma,Venenoso,Com braços
94,0.309,-0.188,-0.186,0,0,0,Shadow Pokémon,-0.34,-0.382,-0.411,1.996,0.162,1.551,Fantasma,Venenoso,Ereto
95,6.996,1.323,-0.186,0,0,0,Rock Snake Pokémon,-1.301,-1.057,2.951,-1.349,-0.931,0.127,Pedra,Terrestre,Rabiscado
96,-0.149,-0.26,0.799,0,0,0,Hypnosis Pokémon,-0.34,-0.956,-0.915,-0.915,0.709,-0.87,Psíquico,,Humanoide
97,0.401,0.125,0.799,0,0,0,Hypnosis Pokémon,0.622,-0.113,-0.075,0.089,1.62,0.02,Psíquico,,Humanoide
98,-0.698,-0.491,-0.186,0,0,0,River Crab Pokémon,-1.493,0.966,0.598,-1.517,-1.659,-0.585,Água,,Com armadura
99,0.126,-0.014,-0.186,0,0,0,Pincer Pokémon,-0.532,1.809,1.438,-0.68,-0.749,0.305,Água,,Com armadura
100,-0.607,-0.457,0.799,0,0,0,Ball Pokémon,-1.109,-1.562,-0.747,-0.513,-0.566,1.195,Elétrico,,Esférico
101,0.034,0.045,0.799,0,0,0,Ball Pokémon,-0.34,-0.888,-0.075,0.323,0.344,2.975,Elétrico,,Esférico
102,-0.698,-0.527,-0.186,0,0,0,Egg Pokémon,-0.34,-1.225,0.261,-0.346,-0.931,-0.942,Grama,Psíquico,Com cabeças múltiplas
103,0.767,0.521,-0.186,0,0,0,Coconut Pokémon,1.006,0.629,0.43,1.829,0.162,-0.407,Grama,Psíquico,Com pernas
104,-0.698,-0.491,-0.186,0,0,0,Lonely Pokémon,-0.724,-0.888,0.766,-1.015,-0.749,-1.12,Terrestre,,Ereto
105,-0.149,-0.148,-0.186,0,0,0,Bone Keeper Pokémon,-0.34,0.123,1.27,-0.68,0.344,-0.763,Terrestre,,Ereto
106,0.309,-0.105,-0.186,0,0,0,Kicking Pokémon,-0.724,1.472,-0.646,-1.182,1.437,0.732,Lutador,,Humanoide
107,0.218,-0.102,-0.186,0,0,0,Punching Pokémon,-0.724,0.966,0.228,-1.182,1.437,0.34,Lutador,,Humanoide
108,0.034,0.035,-0.186,0,0,0,Licking Pokémon,0.814,-0.719,0.093,-0.346,0.162,-1.298,Normal,,Ereto
109,-0.515,-0.54,-0.186,0,0,0,Poison Gas Pokémon,-1.109,-0.382,0.766,-0.346,-0.931,-1.12,Venenoso,,Esférico
110,0.034,-0.465,-0.186,0,0,0,Poison Gas Pokémon,-0.148,0.461,1.606,0.491,-0.02,-0.229,Venenoso,,Com cabeças múltiplas
111,-0.149,0.476,-0.186,0,0,0,Spikes Pokémon,0.429,0.292,0.766,-1.349,-1.477,-1.476,Terrestre,Pedra,Quadrúpede
112,0.676,0.521,-0.186,0,0,0,Drill Pokémon,1.391,1.809,1.606,-0.848,-0.931,-0.942,Terrestre,Pedra,Ereto
113,-0.057,-0.241,4.247,0,0,0,Egg Pokémon,6.967,-2.405,-2.26,-1.182,1.255,-0.585,Normal,,Ereto
114,-0.149,-0.237,-0.186,0,0,0,Vine Pokémon,-0.148,-0.719,1.438,0.993,-1.113,-0.229,Grama,,Com pernas
115,0.95,0.164,-0.186,0,0,0,Parent Pokémon,1.391,0.629,0.261,-1.015,0.344,0.839,Normal,,Ereto
116,-0.698,-0.478,-0.186,0,0,0,Dragon Pokémon,-1.493,-1.225,-0.075,-0.011,-1.659,-0.229,Água,,Massa informe
117,0.034,-0.326,-0.186,0,0,0,Dragon Pokémon,-0.532,-0.382,0.766,0.825,-0.931,0.661,Água,,Massa informe
118,-0.515,-0.416,-0.186,0,0,0,Goldfish Pokémon,-0.917,-0.315,-0.411,-1.182,-0.749,-0.123,Água,,Peixe
119,0.126,-0.202,-0.186,0,0,0,Goldfish Pokémon,0.429,0.528,-0.243,-0.178,0.344,0.056,Água,,Peixe
120,-0.332,-0.242,-0.186,0,0,0,Star Shape Pokémon,-1.493,-1.057,-0.579,-0.011,-0.566,0.661,Água,,Massa informe
121,-0.057,0.164,-0.186,0,0,0,Mysterious Pokémon,-0.34,-0.045,0.43,0.993,0.527,1.729,Água,Psíquico,Massa informe
122,0.126,-0.063,-0.186,0,0,0,Barrier Pokémon,-1.109,-1.057,-0.243,0.993,1.802,0.839,Psíquico,Fada,Humanoide
123,0.309,-0.05,-0.186,0,0,0,Mantis Pokémon,0.045,1.135,0.261,-0.513,0.344,1.373,Inseto,Voador,Com asas de inseto
124,0.218,-0.187,-0.186,0,0,0,Human Shape Pokémon,-0.148,-0.888,-1.251,1.494,0.891,1.017,Gelo,Psíquico,Humanoide
125,-0.057,-0.282,-0.186,0,0,0,Electric Pokémon,-0.148,0.225,-0.512,0.825,0.527,1.373,Elétrico,,Ereto
126,0.126,-0.153,-0.186,0,0,0,Spitfire Pokémon,-0.148,0.629,-0.512,0.993,0.527,0.946,Fogo,,Ereto
127,0.309,-0.059,-0.186,0,0,0,Stag Beetle Pokémon,-0.148,1.641,0.934,-0.513,-0.02,0.661,Inseto,,Humanoide
128,0.218,0.239,-0.186,0,0,0,Wild Bull Pokémon,0.237,0.798,0.766,-1.015,-0.02,1.551,Normal,,Quadrúpede
129,-0.24,-0.46,-0.186,0,0,0,Fish Pokémon,-1.878,-2.237,-0.579,-1.851,-1.842,0.483,Água,,Peixe
130,4.889,1.546,-0.186,0,0,0,Atrocious Pokémon,1.006,1.641,0.228,-0.346,1.073,0.518,Água,Voador,Rabiscado
131,1.225,1.412,-0.186,0,0,0,Transport Pokémon,2.352,0.292,0.261,0.491,0.891,-0.229,Água,Gelo,Peixe
132,-0.79,-0.514,-0.186,0,0,0,Transform Pokémon,-0.801,-0.956,-0.814,-0.747,-0.821,-0.657,Normal,,Esférico
133,-0.79,-0.491,-0.186,0,0,0,Evolution Pokémon,-0.532,-0.719,-0.747,-0.848,-0.202,-0.407,Normal,,Quadrúpede
134,-0.149,-0.291,-0.186,0,0,0,Bubble Jet Pokémon,2.352,-0.382,-0.411,1.327,0.891,-0.051,Água,,Quadrúpede
135,-0.332,-0.331,-0.186,0,0,0,Lightning Pokémon,-0.148,-0.382,-0.411,1.327,0.891,2.263,Elétrico,,Quadrúpede
136,-0.24,-0.326,-0.186,0,0,0,Flame Pokémon,-0.148,1.809,-0.411,0.825,1.437,-0.051,Fogo,,Quadrúpede
137,-0.332,-0.224,-0.186,0,0,0,Virtual Pokémon,-0.148,-0.551,-0.075,0.491,0.162,-0.942,Normal,,Com pernas
138,-0.698,-0.482,-0.186,0,0,0,Spiral Pokémon,-1.301,-1.225,0.934,0.658,-0.566,-1.12,Pedra,Água,Com tentáculos
139,-0.149,-0.237,-0.186,0,0,0,Spiral Pokémon,0.045,-0.551,1.774,1.494,-0.02,-0.407,Pedra,Água,Com tentáculos
140,-0.607,-0.447,-0.186,0,0,0,Shellfish Pokémon,-1.493,0.123,0.598,-0.513,-0.931,-0.407,Pedra,Água,Com armadura
141,0.126,-0.188,-0.186,0,0,0,Shellfish Pokémon,-0.34,1.303,1.102,-0.178,-0.02,0.483,Pedra,Água,Ereto
142,0.584,-0.023,-0.186,0,0,0,Fossil Pokémon,0.429,0.966,-0.243,-0.346,0.162,2.263,Pedra,Voador,Com asas
143,0.859,3.552,-0.186,0,0,0,Sleeping Pokémon,3.506,1.135,-0.243,-0.178,1.437,-1.298,Normal,,Humanoide
144,0.492,-0.055,-0.924,0,1,0,Freeze Pokémon,0.814,0.292,0.934,0.825,1.984,0.661,Gelo,Voador,Com asas
145,0.401,-0.08,-0.924,0,1,0,Electric Pokémon,0.814,0.461,0.43,1.829,0.709,1.195,Elétrico,Voador,Com asas
146,0.767,-0.014,-0.924,0,1,0,Flame Pokémon,0.814,0.798,0.598,1.829,0.527,0.839,Fogo,Voador,Com asas
147,0.584,-0.52,-0.924,0,0,0,Dragon Pokémon,-1.07,-0.416,-0.915,-0.68,-0.749,-0.585,Dragão,,Rabiscado
148,2.599,-0.402,-0.924,0,0,0,Dragon Pokémon,-0.301,0.258,-0.243,-0.011,-0.02,0.127,Dragão,,Rabiscado
149,0.95,1.323,-0.924,0,0,0,Dragon Pokémon,0.852,1.944,0.766,0.993,1.073,0.483,Dragão,Voador,Ereto
150,0.767,0.538,-2.648,0,1,0,Genetic Pokémon,1.429,1.135,0.598,2.799,0.709,2.263,Psíquico,,Ereto
151,-0.698,-0.514,2.277,0,0,1,New Species Pokémon,1.198,0.798,0.934,0.993,1.073,1.195,Psíquico,,Ereto
152,-0.24,-0.492,0.799,0,0,0,Leaf Pokémon,-0.917,-0.922,-0.243,-0.714,-0.202,-0.763,Grama,,Quadrúpede
153,0.034,-0.408,0.799,0,0,0,Leaf Pokémon,-0.34,-0.483,0.261,-0.245,0.344,-0.229,Grama,,Quadrúpede
154,0.584,0.347,0.799,0,0,0,Herb Pokémon,0.429,0.191,0.934,0.424,1.073,0.483,Grama,,Quadrúpede
155,-0.607,-0.479,0.799,0,0,0,Fire Mouse Pokémon,-1.147,-0.821,-0.982,-0.346,-0.749,-0.051,Fogo,,Humanoide
156,-0.24,-0.38,0.799,0,0,0,Volcano Pokémon,-0.417,-0.416,-0.478,0.323,-0.202,0.483,Fogo,,Quadrúpede
157,0.492,0.16,0.799,0,0,0,Volcano Pokémon,0.352,0.258,0.194,1.294,0.527,1.195,Fogo,,Quadrúpede
158,-0.515,-0.465,0.799,0,0,0,Big Jaw Pokémon,-0.724,-0.382,-0.276,-0.881,-0.821,-0.835,Água,,Ereto
159,-0.057,-0.326,0.799,0,0,0,Big Jaw Pokémon,-0.148,0.123,0.261,-0.379,-0.275,-0.301,Água,,Ereto
160,1.042,0.242,0.799,0,0,0,Big Jaw Pokémon,0.622,0.966,0.934,0.29,0.454,0.412,Água,,Ereto
161,-0.332,-0.496,0.799,0,0,0,Scout Pokémon,-1.301,-1.023,-1.285,-1.182,-0.931,-1.654,Normal,,Quadrúpede
162,0.584,-0.26,0.799,0,0,0,Long Body Pokémon,0.622,-0.011,-0.276,-0.848,-0.566,0.839,Normal,,Quadrúpede
163,-0.424,-0.36,-0.186,0,0,0,Owl Pokémon,-0.34,-1.562,-1.42,-1.149,-0.53,-0.585,Normal,Voador,Com asas
164,0.401,-0.186,-0.186,0,0,0,Owl Pokémon,1.198,-0.888,-0.747,0.524,0.927,0.127,Normal,Voador,Com asas
165,-0.149,-0.453,0.799,0,0,0,Five Star Pokémon,-1.109,-1.9,-1.42,-1.015,0.344,-0.407,Inseto,Voador,Com asas
166,0.218,-0.232,0.799,0,0,0,Five Star Pokémon,-0.532,-1.394,-0.747,-0.513,1.437,0.661,Inseto,Voador,Com asas
167,-0.607,-0.474,0.799,0,0,0,String Spit Pokémon,-1.109,-0.551,-1.083,-1.015,-1.113,-1.298,Inseto,Venenoso,Com armadura
168,-0.057,-0.251,0.799,0,0,0,Long Leg Pokémon,0.045,0.461,-0.075,-0.346,-0.02,-0.942,Inseto,Venenoso,Com armadura
169,0.584,0.119,-0.186,0,0,0,Bat Pokémon,0.622,0.461,0.261,-0.011,0.344,2.263,Venenoso,Voador,Com asas de inseto
170,-0.607,-0.442,-0.186,0,0,0,Angler Pokémon,0.237,-1.293,-1.151,-0.48,-0.53,0.02,Água,Elétrico,Peixe
171,0.034,-0.349,-0.186,0,0,0,Light Pokémon,2.16,-0.618,-0.478,0.19,0.199,0.02,Água,Elétrico,Peixe
172,-0.79,-0.531,-0.186,1,0,0,Tiny Mouse Pokémon,-1.878,-1.225,-1.924,-1.182,-1.295,-0.229,Elétrico,,Quadrúpede
173,-0.79,-0.523,4.247,1,0,0,Star Shape Pokémon,-0.724,-1.731,-1.487,-0.848,-0.566,-1.832,Fada,,Ereto
174,-0.79,-0.54,-0.186,1,0,0,Balloon Pokémon,0.814,-1.562,-1.924,-1.015,-1.842,-1.832,Normal,Fada,Humanoide
175,-0.79,-0.536,-0.186,1,0,0,Spike Ball Pokémon,-1.301,-1.9,-0.243,-1.015,-0.202,-1.654,Fada,,Humanoide
176,-0.515,-0.521,-0.186,0,0,0,Happiness Pokémon,-0.532,-1.225,0.43,0.323,1.255,-0.942,Fada,Voador,Humanoide
177,-0.882,-0.531,-0.186,0,0,0,Tiny Bird Pokémon,-1.109,-0.888,-0.915,-0.011,-0.931,0.127,Psíquico,Voador,Com asas
178,0.309,-0.416,-0.186,0,0,0,Mystic Pokémon,-0.148,-0.045,-0.075,0.825,-0.02,1.017,Psíquico,Voador,Com asas
179,-0.515,-0.48,0.799,0,0,0,Wool Pokémon,-0.532,-1.225,-1.083,-0.178,-0.931,-1.12,Elétrico,,Quadrúpede
180,-0.332,-0.431,0.799,0,0,0,Wool Pokémon,0.045,-0.719,-0.579,0.323,-0.384,-0.763,Elétrico,,Ereto
181,0.218,-0.001,0.799,0,0,0,Light Pokémon,0.814,-0.045,0.43,1.494,0.709,-0.407,Elétrico,,Ereto
182,-0.698,-0.498,-0.186,0,0,0,Flower Pokémon,0.237,0.123,0.766,0.658,1.073,-0.585,Grama,,Humanoide
183,-0.698,-0.474,-0.186,0,0,0,Aqua Mouse Pokémon,0.045,-1.9,-0.747,-1.684,-0.749,-0.942,Água,Fada,Ereto
184,-0.332,-0.295,-0.186,0,0,0,Aqua Rabbit Pokémon,1.198,-0.888,0.261,-0.346,0.344,-0.585,Água,Fada,Ereto
185,0.034,-0.21,-0.186,0,0,0,Imitation Pokémon,0.045,0.798,1.438,-1.349,-0.202,-1.298,Pedra,,Humanoide
186,-0.057,-0.247,-0.186,0,0,0,Frog Pokémon,0.814,-0.045,0.093,0.658,1.073,0.127,Água,,Humanoide
187,-0.698,-0.545,0.799,0,0,0,Cottonweed Pokémon,-1.301,-1.394,-1.083,-1.182,-0.566,-0.585,Grama,Voador,Ereto
188,-0.515,-0.54,0.799,0,0,0,Cottonweed Pokémon,-0.532,-1.057,-0.747,-0.848,-0.202,0.483,Grama,Voador,Ereto
189,-0.332,-0.523,0.799,0,0,0,Cottonweed Pokémon,0.237,-0.719,-0.075,-0.513,0.891,1.551,Grama,Voador,Ereto
190,-0.332,-0.447,0.799,0,0,0,Long Tail Pokémon,-0.532,-0.214,-0.579,-1.015,-0.566,0.661,Normal,,Ereto
191,-0.79,-0.533,0.799,0,0,0,Seed Pokémon,-1.493,-1.562,-1.42,-1.349,-1.477,-1.298,Grama,,Esférico
192,-0.332,-0.474,0.799,0,0,0,Sun Pokémon,0.237,-0.045,-0.579,1.16,0.527,-1.298,Grama,,Humanoide
193,0.034,-0.21,0.799,0,0,0,Clear Wing Pokémon,-0.148,-0.382,-0.915,0.156,-0.931,1.017,Inseto,Voador,Com asas de inseto
194,-0.698,-0.474,-0.186,0,0,0,Water Fish Pokémon,-0.532,-1.057,-0.915,-1.517,-1.659,-1.832,Água,Terrestre,Com pernas
195,0.218,0.119,-0.186,0,0,0,Water Fish Pokémon,1.006,0.292,0.43,-0.178,-0.202,-1.12,Água,Terrestre,Ereto
196,-0.24,-0.313,-0.186,0,0,0,Sun Pokémon,-0.148,-0.382,-0.411,1.996,0.891,1.551,Psíquico,,Quadrúpede
197,-0.149,-0.309,-0.924,0,0,0,Moonlight Pokémon,1.006,-0.382,1.27,-0.346,2.166,-0.051,Sombrio,,Quadrúpede
198,-0.607,-0.531,-0.924,0,0,0,Darkness Pokémon,-0.34,0.292,-1.016,0.491,-1.04,0.875,Sombrio,Voador,Com asas
199,0.767,0.16,-0.186,0,0,0,Royal Pokémon,1.006,-0.045,0.261,0.993,1.437,-1.298,Água,Psíquico,Ereto
200,-0.424,-0.54,-0.924,0,0,0,Screech Pokémon,-0.34,-0.551,-0.411,0.491,0.527,0.661,Fantasma,,Esférico
201,-0.607,-0.505,0.799,0,0,0,Symbol Pokémon,-0.801,-0.146,-0.814,0.056,-0.821,-0.657,Psíquico,,Esférico
202,0.126,-0.295,-0.186,0,0,0,Patient Pokémon,4.659,-1.461,-0.478,-1.249,-0.457,-1.191,Psíquico,,Massa informe
203,0.309,-0.179,0.799,0,0,0,Long Neck Pokémon,0.045,0.123,-0.243,0.658,-0.202,0.661,Normal,Psíquico,Quadrúpede
204,-0.515,-0.485,0.799,0,0,0,Bagworm Pokémon,-0.724,-0.382,0.598,-1.182,-1.295,-1.832,Inseto,,Esférico
205,0.034,0.572,0.799,0,0,0,Bagworm Pokémon,0.237,0.461,2.279,-0.346,-0.384,-0.942,Inseto,Aço,Esférico
206,0.309,-0.424,-0.186,0,0,0,Land Snake Pokémon,1.198,-0.214,-0.075,-0.178,-0.202,-0.763,Normal,,Rabiscado
207,-0.057,0.028,0.799,0,0,0,Fly Scorpion Pokémon,-0.148,-0.045,1.102,-1.182,-0.202,0.661,Terrestre,Voador,Com asas
208,7.362,3.017,-0.186,0,0,0,Iron Snake Pokémon,0.237,0.292,4.296,-0.513,-0.202,-1.298,Aço,Terrestre,Rabiscado
209,-0.515,-0.48,0.799,0,0,0,Fairy Pokémon,-0.34,0.123,-0.747,-1.015,-1.113,-1.298,Fada,,Humanoide
210,0.218,-0.115,0.799,0,0,0,Fairy Pokémon,0.814,1.472,0.093,-0.346,-0.384,-0.763,Fada,,Ereto
211,-0.607,-0.515,-0.186,0,0,0,Balloon Pokémon,-0.148,0.629,0.43,-0.513,-0.566,0.661,Água,Venenoso,Peixe
212,0.584,0.503,-0.186,0,0,0,Pincer Pokémon,0.045,1.809,0.934,-0.513,0.344,-0.051,Inseto,Aço,Com asas de inseto
213,-0.515,-0.367,-0.186,0,0,0,Mold Pokémon,-1.878,-2.237,5.304,-2.019,5.809,-2.188,Inseto,Pedra,Com armadura
214,0.309,-0.068,-0.186,0,0,0,Single Horn Pokémon,0.429,1.641,0.093,-1.015,0.891,0.661,Inseto,Lutador,Humanoide
215,-0.24,-0.3,-0.924,0,0,0,Sharp Claw Pokémon,-0.532,0.629,-0.579,-1.182,0.162,1.729,Sombrio,Gelo,Ereto
216,-0.515,-0.471,0.799,0,0,0,Little Bear Pokémon,-0.34,0.123,-0.747,-0.68,-0.749,-0.942,Normal,,Ereto
217,0.584,0.572,0.799,0,0,0,Hibernator Pokémon,0.814,1.809,0.093,0.156,0.162,-0.407,Normal,,Ereto
218,-0.424,-0.237,0.799,0,0,0,Lava Pokémon,-1.109,-1.225,-1.083,-0.011,-1.113,-1.654,Fogo,,Rabiscado
219,-0.332,-0.059,0.799,0,0,0,Lava Pokémon,-0.34,-0.888,1.606,0.658,0.344,-1.298,Fogo,Pedra,Rabiscado
220,-0.698,-0.491,-0.186,0,0,0,Pig Pokémon,-0.724,-0.888,-1.083,-1.349,-1.477,-0.585,Gelo,Terrestre,Quadrúpede
221,-0.057,-0.052,-0.186,0,0,0,Swine Pokémon,1.198,0.798,0.261,-0.346,-0.384,-0.585,Gelo,Terrestre,Quadrúpede
222,-0.515,-0.505,-0.186,0,0,0,Coral Pokémon,-0.148,-0.719,0.766,-0.178,0.891,-1.12,Água,Pedra,Com armadura
223,-0.515,-0.442,-0.186,0,0,0,Jet Pokémon,-1.301,-0.382,-1.251,-0.178,-1.295,-0.051,Água,,Peixe
224,-0.24,-0.295,-0.186,0,0,0,Jet Pokémon,0.237,0.966,0.093,1.16,0.162,-0.763,Água,,Com tentáculos
225,-0.24,-0.407,-0.186,0,0,0,Delivery Pokémon,-0.917,-0.719,-0.915,-0.178,-0.931,0.305,Gelo,Voador,Com asas
226,0.859,1.412,-0.186,0,0,0,Kite Pokémon,0.622,-1.225,-0.075,0.323,2.53,0.127,Água,Voador,Com asas
227,0.492,-0.099,-0.186,0,0,0,Armor Bird Pokémon,-0.148,0.123,2.279,-1.015,-0.02,0.127,Aço,Voador,Com asas
228,-0.515,-0.453,-0.924,0,0,0,Dark Pokémon,-0.917,-0.551,-1.42,0.323,-0.749,-0.051,Sombrio,Fogo,Quadrúpede
229,0.218,-0.237,-0.924,0,0,0,Dark Pokémon,0.237,0.461,-0.747,1.327,0.344,1.017,Sombrio,Fogo,Quadrúpede
230,0.584,0.806,-0.186,0,0,0,Dragon Pokémon,0.237,0.629,0.766,0.825,0.891,0.661,Água,Dragão,Massa informe
231,-0.607,-0.251,0.799,0,0,0,Long Nose Pokémon,0.814,-0.551,-0.411,-1.015,-1.113,-0.942,Terrestre,,Quadrúpede
232,-0.057,0.521,0.799,0,0,0,Armor Pokémon,0.814,1.472,1.606,-0.346,-0.384,-0.585,Terrestre,,Quadrúpede
233,-0.515,-0.26,-0.186,0,0,0,Virtual Pokémon,0.622,0.123,0.598,1.16,0.891,-0.229,Normal,,Com pernas
234,0.218,0.086,0.799,0,0,0,Big Horn Pokémon,0.16,0.629,-0.344,0.491,-0.202,0.661,Normal,,Quadrúpede
235,0.034,-0.032,0.799,0,0,0,Painter Pokémon,-0.532,-1.9,-1.251,-1.684,-0.931,0.305,Normal,,Ereto
236,-0.424,-0.362,-0.186,1,0,0,Scuffle Pokémon,-1.301,-1.394,-1.251,-1.182,-1.295,-1.12,Lutador,,Humanoide
237,0.218,-0.121,-0.186,0,0,0,Handstand Pokémon,-0.724,0.629,0.766,-1.182,1.437,0.127,Lutador,,Ereto
238,-0.698,-0.496,-0.186,1,0,0,Kiss Pokémon,-0.917,-1.562,-1.924,0.491,-0.202,-0.051,Gelo,Psíquico,Humanoide
239,-0.515,-0.34,-0.186,1,0,0,Electric Pokémon,-0.917,-0.45,-1.184,-0.178,-0.566,1.017,Elétrico,,Humanoide
240,-0.424,-0.358,-0.186,1,0,0,Live Coal Pokémon,-0.917,-0.045,-1.184,-0.011,-0.566,0.59,Fogo,,Ereto
241,0.034,0.124,-0.186,0,0,0,Milk Cow Pokémon,1.006,0.123,1.102,-1.015,-0.02,1.195,Normal,,Ereto
242,0.309,-0.132,4.247,0,0,0,Happiness Pokémon,7.159,-2.237,-2.092,0.156,2.348,-0.407,Normal,,Humanoide
243,0.676,1.038,-0.924,0,1,0,Thunder Pokémon,0.814,0.292,0.093,1.494,1.073,1.729,Elétrico,,Quadrúpede
244,0.859,1.216,-0.924,0,1,0,Volcano Pokémon,1.775,1.303,0.43,0.658,0.162,1.195,Fogo,,Quadrúpede
245,0.767,1.118,-0.924,0,1,0,Aurora Pokémon,1.198,-0.045,1.438,0.658,1.62,0.661,Água,,Quadrúpede
246,-0.515,0.093,-0.924,0,0,0,Rock Skin Pokémon,-0.724,-0.416,-0.747,-0.848,-0.749,-0.906,Pedra,Terrestre,Ereto
247,0.034,0.806,-0.924,0,0,0,Hard Shell Pokémon,0.045,0.258,-0.075,-0.178,-0.02,-0.55,Pedra,Terrestre,Rabiscado
248,0.767,1.252,-0.924,0,0,0,Armor Pokémon,1.198,1.944,1.27,0.825,1.073,-0.194,Pedra,Sombrio,Ereto
249,3.698,1.377,-2.648,0,1,0,Diving Pokémon,1.429,0.461,1.942,0.658,3.04,1.551,Psíquico,Voador,Com asas
250,2.416,1.225,-2.648,0,1,0,Rainbow Pokémon,1.429,1.809,0.598,1.327,3.04,0.839,Fogo,Voador,Com asas
251,-0.515,-0.505,2.277,0,0,1,Time Travel Pokémon,1.198,0.798,0.934,0.993,1.073,1.195,Psíquico,Grama,Humanoide
252,-0.607,-0.505,-0.186,0,0,0,Wood Gecko Pokémon,-1.109,-1.057,-1.251,-0.178,-0.566,0.127,Grama,,Ereto
253,-0.24,-0.357,-0.186,0,0,0,Wood Gecko Pokémon,-0.724,-0.382,-0.915,0.491,-0.202,1.017,Grama,,Ereto
254,0.492,-0.084,-0.186,0,0,0,Forest Pokémon,0.045,0.292,-0.243,1.16,0.527,1.907,Grama,,Ereto
255,-0.698,-0.527,-0.186,0,0,0,Chick Pokémon,-0.917,-0.551,-1.083,-0.011,-0.749,-0.763,Fogo,,Com pernas
256,-0.24,-0.375,-0.186,0,0,0,Young Fowl Pokémon,-0.34,0.292,-0.411,0.491,-0.384,-0.407,Fogo,Lutador,Ereto
257,0.676,-0.086,-0.186,0,0,0,Blaze Pokémon,0.429,1.472,-0.075,1.327,-0.02,0.483,Fogo,Lutador,Ereto
258,-0.698,-0.482,-0.186,0,0,0,Mud Fish Pokémon,-0.724,-0.214,-0.747,-0.68,-0.749,-0.942,Água,,Quadrúpede
259,-0.424,-0.3,-0.186,0,0,0,Mud Fish Pokémon,0.045,0.292,-0.075,-0.346,-0.02,-0.585,Água,Terrestre,Ereto
260,0.309,0.181,-0.186,0,0,0,Mud Fish Pokémon,1.198,1.135,0.598,0.491,0.709,-0.229,Água,Terrestre,Ereto
261,-0.607,-0.428,0.799,0,0,0,Bite Pokémon,-1.301,-0.719,-1.251,-1.349,-1.477,-1.12,Sombrio,,Quadrúpede
262,-0.149,-0.219,0.799,0,0,0,Bite Pokémon,0.045,0.461,-0.075,-0.346,-0.384,0.127,Sombrio,,Quadrúpede
263,-0.698,-0.393,-0.186,0,0,0,Tiny Raccoon Pokémon,-1.186,-1.562,-1.05,-1.349,-1.077,-0.229,Normal,,Quadrúpede
264,-0.607,-0.26,-0.186,0,0,0,Rushing Pokémon,0.352,-0.214,-0.377,-0.68,-0.348,1.195,Normal,,Quadrúpede
265,-0.79,-0.517,0.799,0,0,0,Worm Pokémon,-0.917,-1.057,-1.251,-1.684,-1.477,-1.654,Inseto,,Com armadura
266,-0.515,-0.46,0.799,0,0,0,Cocoon Pokémon,-0.724,-1.394,-0.579,-1.517,-1.659,-1.832,Inseto,,Esférico
267,-0.149,-0.296,0.799,0,0,0,Butterfly Pokémon,-0.34,-0.214,-0.747,0.993,-0.749,-0.051,Inseto,Voador,Com asas de inseto
268,-0.424,-0.447,0.799,0,0,0,Cocoon Pokémon,-0.724,-1.394,-0.579,-1.517,-1.659,-1.832,Inseto,,Esférico
269,0.034,-0.268,0.799,0,0,0,Poison Moth Pokémon,-0.34,-0.888,-0.075,-0.68,0.709,-0.051,Inseto,Venenoso,Com asas de inseto
270,-0.607,-0.526,-0.186,0,0,0,Water Weed Pokémon,-1.109,-1.562,-1.42,-1.015,-0.749,-1.298,Água,Grama,Com armadura
271,0.034,-0.26,-0.186,0,0,0,Jolly Pokémon,-0.34,-0.888,-0.747,-0.346,-0.02,-0.585,Água,Grama,Humanoide
272,0.309,-0.059,-0.186,0,0,0,Carefree Pokémon,0.429,-0.214,-0.075,0.658,1.073,0.127,Água,Grama,Humanoide
273,-0.607,-0.514,-0.186,0,0,0,Acorn Pokémon,-1.109,-1.225,-0.747,-1.349,-1.477,-1.298,Grama,,Com pernas
274,-0.149,-0.3,-0.186,0,0,0,Wily Pokémon,0.045,-0.214,-1.083,-0.346,-1.113,-0.229,Grama,Sombrio,Humanoide
275,0.126,-0.018,-0.186,0,0,0,Wicked Pokémon,0.814,0.798,-0.411,0.658,-0.384,0.483,Grama,Sombrio,Humanoide
276,-0.79,-0.529,0.799,0,0,0,Tiny Swallow Pokémon,-1.109,-0.719,-1.42,-1.349,-1.477,0.661,Normal,Voador,Com asas
277,-0.424,-0.373,0.799,0,0,0,Swallow Pokémon,-0.34,0.292,-0.411,0.156,-0.749,2.085,Normal,Voador,Com asas
278,-0.515,-0.465,-0.186,0,0,0,Seagull Pokémon,-1.109,-1.562,-1.42,-0.513,-1.477,0.661,Água,Voador,Com asas
279,0.034,-0.3,-0.186,0,0,0,Water Bird Pokémon,-0.34,-0.888,0.934,0.825,-0.02,-0.051,Água,Voador,Com asas
280,-0.698,-0.49,-0.924,0,0,0,Feeling Pokémon,-1.57,-1.731,-1.588,-0.848,-1.295,-0.942,Psíquico,Fada,Humanoide
281,-0.332,-0.369,-0.924,0,0,0,Emotion Pokémon,-1.186,-1.394,-1.251,-0.178,-0.566,-0.585,Psíquico,Fada,Humanoide
282,0.401,-0.118,-0.924,0,0,0,Embrace Pokémon,-0.032,-0.382,-0.243,1.829,1.62,0.483,Psíquico,Fada,Humanoide
283,-0.607,-0.534,0.799,0,0,0,Pond Skater Pokémon,-1.109,-1.562,-1.352,-0.68,-0.676,-0.051,Inseto,Água,Com armadura
284,-0.332,-0.517,0.799,0,0,0,Eyeball Pokémon,0.045,-0.551,-0.344,0.993,0.417,0.483,Inseto,Voador,Com asas de inseto
285,-0.698,-0.509,0.799,0,0,0,Mushroom Pokémon,-0.34,-1.225,-0.411,-1.015,-0.384,-1.12,Grama,,Com pernas
286,0.034,-0.2,0.799,0,0,0,Mushroom Pokémon,-0.34,1.809,0.261,-0.346,-0.384,0.127,Grama,Lutador,Ereto
287,-0.332,-0.335,0.799,0,0,0,Slacker Pokémon,-0.34,-0.551,-0.411,-1.182,-1.295,-1.298,Normal,,Quadrúpede
288,0.218,-0.135,0.799,0,0,0,Wild Monkey Pokémon,0.429,0.123,0.261,-0.513,-0.566,0.839,Normal,,Ereto
289,0.767,0.614,0.799,0,0,0,Lazy Pokémon,3.121,2.821,0.934,0.825,-0.202,1.195,Normal,,Humanoide
290,-0.607,-0.5,-0.186,0,0,0,Trainee Pokémon,-1.455,-1.057,0.598,-1.349,-1.477,-0.942,Inseto,Terrestre,Com armadura
291,-0.332,-0.442,-0.186,0,0,0,Ninja Pokémon,-0.301,0.461,-0.915,-0.68,-0.749,3.332,Inseto,Voador,Com asas de inseto
292,-0.332,-0.539,-0.186,0,0,0,Shed Pokémon,-2.609,0.461,-0.915,-1.349,-1.477,-0.942,Inseto,Fantasma,Massa informe
293,-0.515,-0.404,-0.186,0,0,0,Whisper Pokémon,-0.186,-0.854,-1.655,-0.647,-1.732,-1.369,Normal,,Ereto
294,-0.149,-0.188,-0.186,0,0,0,Big Voice Pokémon,0.583,-0.18,-0.982,0.022,-1.004,-0.657,Normal,,Ereto
295,0.309,0.2,-0.186,0,0,0,Loud Noise Pokémon,1.352,0.494,-0.31,0.691,0.089,0.056,Normal,,Ereto
296,-0.149,0.221,0.799,0,0,0,Guts Pokémon,0.122,-0.551,-1.42,-1.684,-1.477,-1.476,Lutador,,Humanoide
297,1.042,1.714,0.799,0,0,0,Arm Thrust Pokémon,2.89,1.472,-0.411,-1.015,-0.384,-0.585,Lutador,,Humanoide
298,-0.882,-0.531,-0.186,1,0,0,Polka Dot Pokémon,-0.724,-1.9,-1.083,-1.684,-1.113,-1.654,Normal,Fada,Com pernas
299,-0.149,0.316,0.799,0,0,0,Compass Pokémon,-1.493,-1.057,2.11,-0.848,0.709,-1.298,Pedra,,Humanoide
300,-0.515,-0.451,0.799,0,0,0,Kitten Pokémon,-0.724,-1.057,-0.915,-1.182,-1.295,-0.585,Normal,,Quadrúpede
301,-0.057,-0.259,0.799,0,0,0,Prim Pokémon,0.045,-0.382,-0.243,-0.513,-0.566,0.839,Normal,,Quadrúpede
302,-0.607,-0.451,-0.924,0,0,0,Darkness Pokémon,-0.724,-0.045,0.093,-0.178,-0.202,-0.585,Sombrio,Fantasma,Humanoide
303,-0.515,-0.447,-0.186,0,0,0,Deceiver Pokémon,-0.724,0.292,0.43,-0.513,-0.566,-0.585,Aço,Fada,Humanoide
304,-0.698,-0.014,-0.924,0,0,0,Iron Armor Pokémon,-0.724,-0.214,0.934,-1.015,-1.113,-1.298,Aço,Pedra,Quadrúpede
305,-0.24,0.521,-0.924,0,0,0,Iron Armor Pokémon,-0.34,0.461,2.279,-0.68,-0.749,-0.942,Aço,Pedra,Quadrúpede
306,0.859,2.66,-0.924,0,0,0,Iron Armor Pokémon,0.045,1.135,3.623,-0.346,-0.384,-0.585,Aço,Pedra,Ereto
307,-0.515,-0.449,0.799,0,0,0,Meditate Pokémon,-1.493,-1.225,-0.579,-1.015,-0.566,-0.229,Lutador,Psíquico,Humanoide
308,0.126,-0.268,0.799,0,0,0,Meditate Pokémon,-0.34,-0.551,0.093,-0.346,0.162,0.483,Lutador,Psíquico,Humanoide
309,-0.515,-0.414,-0.186,0,0,0,Lightning Pokémon,-1.109,-1.057,-1.083,-0.178,-1.113,-0.051,Elétrico,,Quadrúpede
310,0.309,-0.191,-0.186,0,0,0,Discharge Pokémon,0.045,-0.045,-0.411,1.16,-0.384,1.373,Elétrico,,Quadrúpede
311,-0.698,-0.512,0.799,0,0,0,Cheering Pokémon,-0.34,-0.888,-1.083,0.491,0.162,1.017,Elétrico,,Ereto
312,-0.698,-0.512,0.799,0,0,0,Cheering Pokémon,-0.34,-1.225,-0.747,0.156,0.527,1.017,Elétrico,,Ereto
313,-0.424,-0.391,0.799,0,0,0,Firefly Pokémon,-0.148,-0.113,0.093,-0.781,0.527,0.661,Inseto,,Ereto
314,-0.515,-0.391,0.799,0,0,0,Firefly Pokémon,-0.148,-0.989,0.093,0.089,0.527,0.661,Inseto,,Humanoide
315,-0.79,-0.531,-0.186,0,0,0,Thorn Pokémon,-0.724,-0.551,-0.915,0.993,0.344,-0.051,Grama,Venenoso,Humanoide
316,-0.698,-0.457,0.799,0,0,0,Stomach Pokémon,0.045,-1.124,-0.646,-0.915,-0.639,-0.942,Venenoso,,Com braços
317,0.492,0.164,0.799,0,0,0,Poison Bag Pokémon,1.198,-0.113,0.362,0.089,0.454,-0.407,Venenoso,,Com braços
318,-0.332,-0.364,-0.924,0,0,0,Savage Pokémon,-0.917,0.461,-1.756,-0.178,-1.842,-0.051,Água,Sombrio,Peixe
319,0.584,0.242,-0.924,0,0,0,Brutal Pokémon,0.045,1.472,-1.083,0.825,-1.113,1.017,Água,Sombrio,Peixe
320,0.767,0.61,-0.186,0,0,0,Ball Whale Pokémon,2.352,-0.214,-1.251,-0.011,-1.295,-0.229,Água,,Peixe
321,12.217,2.999,-0.186,0,0,0,Float Whale Pokémon,3.89,0.461,-0.915,0.658,-0.931,-0.229,Água,,Peixe
322,-0.424,-0.335,0.799,0,0,0,Numb Pokémon,-0.34,-0.551,-1.083,-0.178,-0.931,-1.12,Fogo,Terrestre,Quadrúpede
323,0.676,1.412,0.799,0,0,0,Eruption Pokémon,0.045,0.798,-0.075,1.16,0.162,-0.942,Fogo,Terrestre,Quadrúpede
324,-0.607,0.168,-0.186,0,0,0,Coal Pokémon,0.045,0.292,2.279,0.491,-0.02,-1.654,Fogo,,Quadrúpede
325,-0.424,-0.276,0.799,0,0,0,Bounce Pokémon,-0.34,-1.731,-1.251,-0.011,0.344,-0.229,Psíquico,,Com braços
326,-0.24,0.088,0.799,0,0,0,Manipulate Pokémon,0.429,-1.057,-0.243,0.658,1.437,0.483,Psíquico,,Ereto
327,-0.057,-0.505,0.799,0,0,0,Spot Panda Pokémon,-0.34,-0.551,-0.411,-0.346,-0.384,-0.229,Normal,,Ereto
328,-0.424,-0.416,-0.186,0,0,0,Ant Pit Pokémon,-0.917,0.798,-0.915,-0.848,-0.931,-2.01,Terrestre,,Com armadura
329,-0.057,-0.413,-0.186,0,0,0,Vibration Pokémon,-0.724,-0.214,-0.747,-0.68,-0.749,0.127,Terrestre,Dragão,Com asas de inseto
330,0.767,0.182,-0.186,0,0,0,Mystic Pokémon,0.429,0.798,0.261,0.323,0.344,1.195,Terrestre,Dragão,Com asas
331,-0.698,-0.092,-0.924,0,0,0,Cactus Pokémon,-0.724,0.292,-1.083,0.491,-1.113,-1.12,Grama,,Humanoide
332,0.126,0.141,-0.924,0,0,0,Scarecrow Pokémon,0.045,1.303,-0.411,1.494,-0.384,-0.407,Grama,Sombrio,Humanoide
333,-0.698,-0.539,-0.186,0,0,0,Cotton Bird Pokémon,-0.917,-1.225,-0.411,-1.015,0.162,-0.585,Normal,Voador,Com asas
334,-0.057,-0.366,-0.186,0,0,0,Humming Pokémon,0.237,-0.214,0.598,-0.011,1.255,0.483,Dragão,Voador,Com asas
335,0.126,-0.19,0.799,0,0,0,Cat Ferret Pokémon,0.16,1.303,-0.411,-0.346,-0.384,0.839,Normal,,Ereto
336,1.408,-0.081,0.799,0,0,0,Fang Snake Pokémon,0.16,0.798,-0.411,0.993,-0.384,-0.051,Venenoso,,Rabiscado
337,-0.149,0.949,-0.186,0,0,0,Meteorite Pokémon,0.814,-0.719,-0.243,0.825,0.527,0.127,Pedra,Psíquico,Esférico
338,0.034,0.824,-0.186,0,0,0,Meteorite Pokémon,0.814,0.629,0.43,-0.513,-0.202,0.127,Pedra,Psíquico,Esférico
339,-0.698,-0.532,-0.186,0,0,0,Whiskers Pokémon,-0.724,-0.956,-0.982,-0.814,-1.077,-0.229,Água,Terrestre,Peixe
340,-0.24,-0.339,-0.186,0,0,0,Whiskers Pokémon,1.583,0.056,0.026,0.19,0.016,-0.229,Água,Terrestre,Peixe
341,-0.515,-0.447,-0.186,0,0,0,Ruffian Pokémon,-0.994,0.123,-0.243,-0.68,-1.295,-1.12,Água,,Com armadura
342,-0.057,-0.257,-0.186,0,0,0,Rogue Pokémon,-0.224,1.472,0.43,0.658,-0.566,-0.407,Água,Sombrio,Com armadura
343,-0.607,-0.358,-0.186,0,0,0,Clay Doll Pokémon,-1.109,-1.225,-0.579,-1.015,-0.02,-0.407,Terrestre,Psíquico,Com braços
344,0.309,0.414,-0.186,0,0,0,Clay Doll Pokémon,-0.34,-0.214,1.102,-0.011,1.802,0.305,Terrestre,Psíquico,Com braços
345,-0.149,-0.337,-0.186,0,0,0,Sea Lily Pokémon,-0.109,-1.192,0.161,-0.312,0.599,-1.547,Pedra,Grama,Massa informe
346,0.309,-0.011,-0.186,0,0,0,Barnacle Pokémon,0.66,0.157,0.833,0.357,1.328,-0.835,Pedra,Grama,Massa informe
347,-0.424,-0.438,-0.186,0,0,0,Old Shrimp Pokémon,-0.917,0.629,-0.747,-1.015,-0.749,0.305,Pedra,Inseto,Com armadura
348,0.309,0.059,-0.186,0,0,0,Plate Pokémon,0.237,1.641,0.934,-0.011,0.344,-0.763,Pedra,Inseto,Ereto
349,-0.515,-0.483,-0.186,0,0,0,Fish Pokémon,-1.878,-2.068,-1.756,-2.019,-0.566,0.483,Água,,Peixe
350,4.614,0.895,-0.186,0,0,0,Tender Pokémon,1.006,-0.551,0.228,0.993,1.984,0.518,Água,,Rabiscado
351,-0.79,-0.542,0.799,0,0,0,Weather Pokémon,0.045,-0.214,-0.075,-0.011,-0.02,0.127,Normal,,Esférico
352,-0.149,-0.353,0.799,0,0,0,Color Swap Pokémon,-0.34,0.461,-0.075,-0.346,1.802,-0.942,Normal,,Ereto
353,-0.515,-0.529,-0.924,0,0,0,Puppet Pokémon,-0.955,-0.045,-1.251,-0.245,-1.368,-0.763,Fantasma,,Esférico
354,-0.057,-0.438,-0.924,0,0,0,Marionette Pokémon,-0.186,1.303,-0.243,0.424,-0.275,-0.051,Fantasma,,Ereto
355,-0.332,-0.416,-0.924,0,0,0,Requiem Pokémon,-1.878,-1.225,0.598,-1.349,0.709,-1.476,Fantasma,,Com braços
356,0.401,-0.276,-0.924,0,0,0,Beckon Pokémon,-1.109,-0.214,1.942,-0.346,2.166,-1.476,Fantasma,,Humanoide
357,0.767,0.342,0.799,0,0,0,Fruit Pokémon,1.16,-0.281,0.362,0.056,0.599,-0.55,Grama,Voador,Quadrúpede
358,-0.515,-0.54,0.799,0,0,0,Wind Chime Pokémon,0.237,-0.888,0.261,0.825,0.709,-0.051,Psíquico,,Com braços
359,0.034,-0.13,-0.924,0,0,0,Disaster Pokémon,-0.148,1.809,-0.411,0.156,-0.384,0.305,Sombrio,,Quadrúpede
360,-0.515,-0.424,-0.186,1,0,0,Bright Pokémon,1.006,-1.798,-0.814,-1.584,-0.821,-1.547,Psíquico,,Ereto
361,-0.424,-0.4,-0.186,0,0,0,Snow Hat Pokémon,-0.724,-0.888,-0.747,-0.68,-0.749,-0.585,Gelo,,Humanoide
362,0.309,1.738,-0.186,0,0,0,Face Pokémon,0.429,0.123,0.261,0.323,0.344,0.483,Gelo,,Esférico
363,-0.332,-0.197,-0.186,0,0,0,Clap Pokémon,0.045,-1.225,-0.747,-0.513,-0.749,-1.476,Gelo,Água,Peixe
364,-0.057,0.232,-0.186,0,0,0,Ball Roll Pokémon,0.814,-0.551,-0.075,0.156,-0.02,-0.763,Gelo,Água,Peixe
365,0.218,0.793,-0.186,0,0,0,Ice Break Pokémon,1.583,0.123,0.598,0.825,0.709,-0.051,Gelo,Água,Quadrúpede
366,-0.698,-0.081,0.799,0,0,0,Bivalve Pokémon,-1.301,-0.416,0.43,0.123,-0.566,-1.226,Água,,Esférico
367,0.492,-0.309,0.799,0,0,0,Deep Sea Pokémon,-0.532,0.933,1.102,0.792,0.162,-0.514,Água,,Rabiscado
368,0.584,-0.348,0.799,0,0,0,South Sea Pokémon,-0.532,0.258,1.102,1.461,0.162,-0.514,Água,,Rabiscado
369,-0.149,-0.341,-0.186,0,0,0,Longevity Pokémon,1.198,0.461,1.942,-0.848,-0.202,-0.407,Água,Pedra,Peixe
370,-0.515,-0.472,0.799,0,0,0,Rendezvous Pokémon,-0.994,-1.562,-0.579,-1.015,-0.202,1.088,Água,,Peixe
371,-0.515,-0.174,-0.924,0,0,0,Rock Head Pokémon,-0.917,-0.045,-0.411,-1.015,-1.477,-0.585,Dragão,,Humanoide
372,-0.057,0.436,-0.924,0,0,0,Endurance Pokémon,-0.148,0.629,0.934,-0.346,-0.749,-0.585,Dragão,,Quadrúpede
373,0.309,0.365,-0.924,0,0,0,Dragon Pokémon,1.006,1.978,0.261,1.327,0.344,1.195,Dragão,Voador,Quadrúpede
374,-0.515,0.3,-0.924,0,0,0,Iron Ball Pokémon,-1.109,-0.719,0.261,-1.182,-0.384,-1.298,Aço,Psíquico,Massa informe
375,0.034,1.256,-0.924,0,0,0,Iron Claw Pokémon,-0.34,-0.045,0.934,-0.513,0.344,-0.585,Aço,Psíquico,Com braços
376,0.401,4.354,-0.924,0,0,0,Iron Leg Pokémon,0.429,1.978,1.942,0.825,0.709,0.127,Aço,Psíquico,Com cabeças múltiplas
377,0.492,1.501,-0.924,0,1,0,Rock Peak Pokémon,0.429,0.798,4.296,-0.68,1.073,-0.585,Pedra,,Humanoide
378,0.584,1.011,-0.924,0,1,0,Iceberg Pokémon,0.429,-0.888,0.934,0.993,4.716,-0.585,Gelo,,Humanoide
379,0.676,1.278,-0.924,0,1,0,Iron Pokémon,0.429,-0.045,2.615,0.156,2.895,-0.585,Aço,,Humanoide
380,0.218,-0.193,1.784,0,1,0,Eon Pokémon,0.429,0.123,0.598,1.327,2.166,1.551,Dragão,Psíquico,Com asas
381,0.767,-0.014,1.784,0,1,0,Eon Pokémon,0.429,0.461,0.261,1.996,1.437,1.551,Dragão,Psíquico,Com asas
382,3.057,2.589,-2.648,0,1,0,Sea Basin Pokémon,1.198,0.798,0.598,2.665,2.53,0.839,Água,,Peixe
383,2.141,7.921,-2.648,0,1,0,Continent Pokémon,1.198,2.483,2.279,0.993,0.709,0.839,Terrestre,,Ereto
384,5.347,1.292,-2.648,0,1,0,Sky High Pokémon,1.391,2.483,0.598,2.665,0.709,1.017,Dragão,Voador,Rabiscado
385,-0.79,-0.539,2.277,0,0,1,Wish Pokémon,1.198,0.798,0.934,0.993,1.073,1.195,Aço,Psíquico,Humanoide
386,0.492,-0.007,-2.648,0,0,1,DNA Pokémon,-0.724,2.483,-0.747,2.665,-0.749,2.975,Psíquico,,Humanoide
387,-0.698,-0.458,0.799,0,0,0,Tiny Leaf Pokémon,-0.532,-0.281,-0.276,-0.848,-0.566,-1.262,Grama,,Quadrúpede
388,-0.057,0.316,0.799,0,0,0,Grove Pokémon,0.237,0.427,0.43,-0.513,-0.202,-1.084,Grama,,Quadrúpede
389,0.95,2.215,0.799,0,0,0,Continent Pokémon,1.006,1.101,1.102,0.156,0.527,-0.372,Grama,Terrestre,Quadrúpede
390,-0.607,-0.494,0.799,0,0,0,Chimp Pokémon,-0.955,-0.618,-0.949,-0.413,-0.967,-0.194,Fogo,,Ereto
391,-0.24,-0.353,0.799,0,0,0,Playful Pokémon,-0.186,0.056,-0.68,0.256,-0.676,0.518,Fogo,Lutador,Ereto
392,0.034,-0.059,0.799,0,0,0,Flame Pokémon,0.275,0.933,-0.041,1.126,0.016,1.48,Fogo,Lutador,Ereto
393,-0.698,-0.503,0.799,0,0,0,Penguin Pokémon,-0.609,-0.854,-0.646,-0.312,-0.53,-0.942,Água,,Humanoide
394,-0.332,-0.344,0.799,0,0,0,Penguin Pokémon,-0.186,-0.349,-0.142,0.357,0.199,-0.585,Água,,Ereto
395,0.492,0.204,0.799,0,0,0,Emperor Pokémon,0.583,0.326,0.53,1.361,1.109,-0.229,Água,Aço,Ereto
396,-0.79,-0.531,0.799,0,0,0,Starling Pokémon,-1.109,-0.719,-1.42,-1.349,-1.477,-0.229,Normal,Voador,Com asas
397,-0.515,-0.411,0.799,0,0,0,Starling Pokémon,-0.532,-0.045,-0.747,-1.015,-1.113,0.483,Normal,Voador,Com asas
398,0.034,-0.327,0.799,0,0,0,Predator Pokémon,0.622,1.472,-0.075,-0.68,-0.384,1.195,Normal,Voador,Com asas
399,-0.607,-0.371,0.799,0,0,0,Plump Mouse Pokémon,-0.378,-1.057,-1.083,-1.182,-1.113,-1.262,Normal,,Quadrúpede
400,-0.149,-0.268,0.799,0,0,0,Beaver Pokémon,0.391,0.292,-0.411,-0.513,-0.384,0.162,Normal,Água,Ereto
401,-0.79,-0.53,0.799,0,0,0,Cricket Pokémon,-1.224,-1.731,-1.05,-1.517,-1.077,-1.476,Inseto,,Humanoide
402,-0.149,-0.322,0.799,0,0,0,Cricket Pokémon,0.314,0.292,-0.714,-0.513,-0.712,-0.051,Inseto,,Com asas de inseto
403,-0.607,-0.465,-0.186,0,0,0,Flash Pokémon,-0.917,-0.382,-1.285,-1.015,-1.332,-0.763,Elétrico,,Quadrúpede
404,-0.24,-0.277,2.277,0,0,0,Spark Pokémon,-0.34,0.292,-0.781,-0.346,-0.785,-0.229,Elétrico,,Quadrúpede
405,0.218,-0.175,-0.186,0,0,0,Gleam Eyes Pokémon,0.429,1.472,0.228,0.825,0.308,0.127,Elétrico,,Quadrúpede
406,-0.882,-0.539,-0.186,1,0,0,Bud Pokémon,-1.109,-1.562,-1.251,-0.68,-0.02,-0.407,Grama,Venenoso,Humanoide
407,-0.24,-0.42,-0.186,0,0,0,Bouquet Pokémon,-0.34,-0.214,-0.243,1.829,1.255,0.839,Grama,Venenoso,Humanoide
408,-0.24,-0.268,0.799,0,0,0,Head Butt Pokémon,-0.071,1.641,-1.083,-1.349,-1.477,-0.301,Pedra,,Ereto
409,0.401,0.365,0.799,0,0,0,Head Butt Pokémon,1.083,2.989,-0.411,-0.178,-0.749,-0.301,Pedra,,Ereto
410,-0.607,-0.041,0.799,0,0,0,Shield Pokémon,-1.493,-1.158,1.539,-0.948,0.636,-1.298,Pedra,Aço,Quadrúpede
411,0.126,0.784,0.799,0,0,0,Shield Pokémon,-0.34,-0.821,3.22,-0.781,2.457,-1.298,Pedra,Aço,Quadrúpede
412,-0.882,-0.519,0.799,0,0,0,Bagworm Pokémon,-1.109,-1.596,-0.915,-1.383,-0.931,-1.084,Inseto,,Massa informe
413,-0.607,-0.491,0.799,0,0,0,Bagworm Pokémon,-0.34,-0.585,0.43,0.29,1.255,-1.084,Inseto,Grama,Massa informe
414,-0.24,-0.342,0.799,0,0,0,Moth Pokémon,0.045,0.595,-0.747,0.792,-0.749,-0.016,Inseto,Voador,Com asas de inseto
415,-0.79,-0.5,-0.186,0,0,0,Tiny Bee Pokémon,-1.493,-1.562,-1.016,-1.349,-1.04,0.127,Inseto,Voador,Com cabeças múltiplas
416,0.034,-0.206,-0.186,0,0,0,Beehive Pokémon,0.045,0.123,1.001,0.323,1.146,-0.942,Inseto,Voador,Com asas de inseto
417,-0.698,-0.515,2.277,0,0,0,EleSquirrel Pokémon,-0.34,-1.057,-0.075,-0.848,0.709,1.017,Elétrico,,Quadrúpede
418,-0.424,-0.286,0.799,0,0,0,Sea Weasel Pokémon,-0.532,-0.382,-1.251,-0.346,-1.477,0.661,Água,,Quadrúpede
419,-0.057,-0.251,0.799,0,0,0,Sea Weasel Pokémon,0.622,0.966,-0.579,0.491,-0.749,1.729,Água,,Quadrúpede
420,-0.698,-0.52,-0.186,0,0,0,Cherry Pokémon,-0.917,-1.394,-0.915,-0.279,-0.639,-1.12,Grama,,Com cabeças múltiplas
421,-0.607,-0.466,-0.186,0,0,0,Blossom Pokémon,0.045,-0.551,-0.075,0.558,0.272,0.661,Grama,,Com pernas
422,-0.79,-0.493,-0.186,0,0,0,Sea Slug Pokémon,0.275,-0.956,-0.814,-0.446,-0.311,-1.155,Água,,Rabiscado
423,-0.24,-0.283,-0.186,0,0,0,Sea Slug Pokémon,1.621,0.225,-0.142,0.725,0.417,-0.977,Água,Terrestre,Rabiscado
424,0.034,-0.368,2.277,0,0,0,Long Tail Pokémon,0.237,0.798,-0.209,-0.346,-0.166,1.729,Normal,,Ereto
425,-0.698,-0.539,-0.186,0,0,0,Balloon Pokémon,0.814,-0.888,-1.285,-0.346,-0.967,0.127,Fantasma,Voador,Com braços
426,0.034,-0.416,-0.186,0,0,0,Blimp Pokémon,3.121,0.123,-0.949,0.658,-0.603,0.483,Fantasma,Voador,Com braços
427,-0.698,-0.5,-2.648,0,0,0,Rabbit Pokémon,-0.532,-0.349,-0.949,-0.881,-0.53,0.661,Normal,,Ereto
428,0.034,-0.252,4.247,0,0,0,Rabbit Pokémon,-0.148,-0.011,0.396,-0.546,0.927,1.373,Normal,,Ereto
429,-0.24,-0.51,-0.924,0,0,0,Magical Pokémon,-0.34,-0.551,-0.411,1.16,1.255,1.373,Fantasma,,Esférico
430,-0.24,-0.306,-0.924,0,0,0,Big Boss Pokémon,1.198,1.641,-0.68,1.16,-0.676,0.162,Sombrio,Voador,Com asas
431,-0.607,-0.515,0.799,0,0,0,Catty Pokémon,-0.763,-0.719,-1.016,-0.948,-1.222,0.661,Normal,,Quadrúpede
432,-0.149,-0.159,0.799,0,0,0,Tiger Cat Pokémon,0.083,0.191,-0.276,-0.212,-0.421,1.622,Normal,,Quadrúpede
433,-0.882,-0.544,0.799,1,0,0,Bell Pokémon,-0.917,-1.562,-0.747,-0.178,-0.749,-0.763,Psíquico,,Humanoide
434,-0.698,-0.378,-0.186,0,0,0,Skunk Pokémon,-0.224,-0.45,-0.848,-0.981,-1.077,0.269,Venenoso,Sombrio,Quadrúpede
435,-0.149,-0.21,-0.186,0,0,0,Skunk Pokémon,1.314,0.562,-0.176,0.022,-0.348,0.625,Venenoso,Sombrio,Quadrúpede
436,-0.607,-0.01,-0.186,0,0,0,Bronze Pokémon,-0.455,-1.765,0.463,-1.55,0.563,-1.547,Aço,Psíquico,Esférico
437,0.126,1.118,-0.186,0,0,0,Bronze Bell Pokémon,-0.071,0.427,1.472,0.29,1.656,-1.191,Aço,Psíquico,Com braços
438,-0.607,-0.416,-0.186,1,0,0,Bonsai Pokémon,-0.724,0.123,0.766,-2.019,-0.931,-2.01,Pedra,,Com pernas
439,-0.515,-0.433,-0.186,1,0,0,Mime Pokémon,-1.878,-1.731,-0.915,-0.011,0.709,-0.229,Psíquico,Fada,Humanoide
440,-0.515,-0.332,4.247,1,0,0,Playhouse Pokémon,1.198,-2.405,-2.26,-1.851,-0.202,-1.298,Normal,,Humanoide
441,-0.607,-0.532,-0.924,0,0,0,Music Note Pokémon,0.275,-0.382,-0.915,0.725,-1.04,0.875,Normal,Voador,Com asas
442,-0.149,0.414,-0.186,0,0,0,Forbidden Pokémon,-0.724,0.528,1.203,0.725,1.364,-1.12,Fantasma,Sombrio,Massa informe
443,-0.424,-0.367,-0.186,0,0,0,Land Shark Pokémon,-0.417,-0.214,-0.915,-1.015,-0.931,-0.87,Dragão,Terrestre,Ereto
444,0.218,-0.05,-0.186,0,0,0,Cave Pokémon,-0.032,0.461,-0.243,-0.68,-0.566,0.554,Dragão,Terrestre,Ereto
445,0.676,0.298,-0.186,0,0,0,Mach Pokémon,1.506,1.809,0.766,0.323,0.527,1.266,Dragão,Terrestre,Ereto
446,-0.515,0.387,-0.186,1,0,0,Big Eater Pokémon,2.544,0.292,-1.083,-1.015,0.527,-2.188,Normal,,Humanoide
447,-0.424,-0.369,-0.186,1,0,0,Emanation Pokémon,-1.109,-0.214,-1.083,-1.182,-1.113,-0.229,Lutador,,Ereto
448,0.034,-0.068,-0.186,0,0,0,Aura Pokémon,0.045,1.135,-0.075,1.494,-0.02,0.839,Lutador,Aço,Ereto
449,-0.332,-0.108,-0.186,0,0,0,Hippo Pokémon,-0.032,-0.146,0.194,-1.082,-1.04,-1.226,Terrestre,,Quadrúpede
450,0.767,2.125,-0.186,0,0,0,Heavyweight Pokémon,1.506,1.202,1.539,-0.078,0.053,-0.692,Terrestre,,Quadrúpede
451,-0.332,-0.442,-0.186,0,0,0,Scorpion Pokémon,-1.109,-0.888,0.598,-1.349,-0.566,-0.051,Venenoso,Inseto,Com armadura
452,0.126,-0.001,-0.186,0,0,0,Ogre Scorpion Pokémon,0.045,0.461,1.27,-0.346,0.162,1.017,Venenoso,Sombrio,Com armadura
453,-0.424,-0.344,2.277,0,0,0,Toxic Mouth Pokémon,-0.801,-0.517,-1.083,-0.312,-1.113,-0.585,Venenoso,Lutador,Humanoide
454,0.126,-0.153,-0.186,0,0,0,Toxic Mouth Pokémon,0.545,1.0,-0.243,0.524,-0.202,0.661,Venenoso,Lutador,Humanoide
455,0.218,-0.309,0.799,0,0,0,Bug Catcher Pokémon,0.199,0.798,-0.008,0.658,0.053,-0.728,Grama,,Com tentáculos
456,-0.698,-0.487,0.799,0,0,0,Wing Fish Pokémon,-0.763,-0.922,-0.545,-0.714,-0.348,-0.016,Água,,Peixe
457,0.034,-0.335,0.799,0,0,0,Neon Pokémon,0.006,-0.247,0.127,-0.045,0.563,0.875,Água,,Peixe
458,-0.149,0.03,-0.186,1,0,0,Kite Pokémon,-0.917,-1.9,-0.747,-0.346,1.802,-0.585,Água,Voador,Com asas
459,-0.149,-0.099,-0.186,0,0,0,Frost Tree Pokémon,-0.34,-0.483,-0.747,-0.279,-0.384,-0.942,Grama,Gelo,Ereto
460,0.95,0.659,-0.186,0,0,0,Frost Tree Pokémon,0.814,0.528,0.093,0.725,0.527,-0.229,Grama,Gelo,Ereto
461,-0.057,-0.246,-0.924,0,0,0,Sharp Claw Pokémon,0.045,1.472,-0.243,-0.848,0.527,2.085,Sombrio,Gelo,Ereto
462,0.034,1.056,-0.186,0,0,0,Magnet Area Pokémon,0.045,-0.214,1.438,1.996,0.709,-0.229,Elétrico,Aço,Com braços
463,0.492,0.699,-0.186,0,0,0,Licking Pokémon,1.583,0.292,0.766,0.323,0.891,-0.585,Normal,,Humanoide
464,1.134,1.972,-0.186,0,0,0,Drill Pokémon,1.775,2.146,1.942,-0.513,-0.566,-0.942,Terrestre,Pedra,Ereto
465,0.767,0.597,-0.186,0,0,0,Vine Pokémon,1.198,0.798,1.774,1.327,-0.749,-0.585,Grama,,Humanoide
466,0.584,0.686,-0.186,0,0,0,Thunderbolt Pokémon,0.237,1.573,-0.176,0.825,0.527,1.017,Elétrico,,Ereto
467,0.401,0.057,-0.186,0,0,0,Blast Pokémon,0.237,0.629,-0.176,1.829,0.891,0.59,Fogo,,Ereto
468,0.309,-0.21,-0.186,0,0,0,Jubilee Pokémon,0.622,-0.888,0.766,1.662,1.62,0.483,Fada,Voador,Com asas
469,0.676,-0.09,0.799,0,0,0,Ogre Darner Pokémon,0.66,-0.011,0.463,1.528,-0.53,1.017,Inseto,Voador,Com asas de inseto
470,-0.149,-0.322,-0.924,0,0,0,Verdant Pokémon,-0.148,1.135,1.942,-0.346,-0.202,1.017,Grama,,Quadrúpede
471,-0.332,-0.318,-0.924,0,0,0,Fresh Snow Pokémon,-0.148,-0.551,1.27,1.996,0.891,-0.051,Gelo,,Quadrúpede
472,0.767,-0.17,0.799,0,0,0,Fang Scorpion Pokémon,0.237,0.629,1.774,-0.848,0.162,1.017,Terrestre,Voador,Com asas
473,1.225,2.045,-0.186,0,0,0,Twin Tusk Pokémon,1.583,1.809,0.261,-0.011,-0.384,0.483,Gelo,Terrestre,Quadrúpede
474,-0.24,-0.246,-0.186,0,0,0,Virtual Pokémon,0.622,0.123,-0.075,2.164,0.162,0.839,Normal,,Com braços
475,0.401,-0.086,-0.924,0,0,0,Blade Pokémon,-0.032,1.641,-0.243,-0.178,1.62,0.483,Psíquico,Lutador,Humanoide
476,0.218,2.482,0.799,0,0,0,Compass Pokémon,-0.34,-0.719,2.447,0.156,2.895,-0.942,Pedra,Aço,Com cabeças múltiplas
477,0.95,0.401,-0.924,0,0,0,Gripper Pokémon,-0.917,0.798,2.11,-0.178,2.348,-0.763,Fantasma,,Com braços
478,0.126,-0.312,-0.186,0,0,0,Snow Land Pokémon,0.045,0.123,-0.075,0.323,-0.02,1.551,Gelo,Fantasma,Com braços
479,-0.79,-0.547,-0.186,0,0,0,Plasma Pokémon,-0.724,-0.888,0.161,0.825,0.235,0.875,Elétrico,Fantasma,Esférico
480,-0.79,-0.547,4.247,0,1,0,Knowledge Pokémon,0.237,-0.045,1.942,0.156,2.166,1.017,Psíquico,,Ereto
481,-0.79,-0.547,4.247,0,1,0,Emotion Pokémon,0.429,0.966,1.102,1.16,1.255,0.483,Psíquico,,Ereto
482,-0.79,-0.547,4.247,0,1,0,Willpower Pokémon,0.237,1.641,-0.075,1.829,-0.02,1.729,Psíquico,,Ereto
483,3.881,5.54,-2.648,0,1,0,Temporal Pokémon,1.198,1.472,1.606,2.665,1.073,0.839,Aço,Dragão,Quadrúpede
484,2.782,2.446,-2.648,0,1,0,Spatial Pokémon,0.814,1.472,0.934,2.665,1.802,1.195,Água,Dragão,Ereto
485,0.492,3.285,2.277,0,1,0,Lava Dome Pokémon,0.852,0.461,1.136,1.996,1.292,0.376,Fogo,Aço,Quadrúpede
486,2.324,3.195,-2.648,0,1,0,Colossal Pokémon,1.583,2.821,1.27,0.323,1.437,1.195,Normal,,Humanoide
487,3.057,6.138,-2.648,0,1,0,Renegade Pokémon,3.121,0.798,1.606,0.993,1.802,0.839,Fantasma,Dragão,Com tentáculos
488,0.309,0.214,2.277,0,1,0,Lunar Pokémon,1.967,-0.214,1.27,0.156,1.802,0.661,Psíquico,,Rabiscado
489,-0.698,-0.522,0.799,0,0,1,Sea Drifter Pokémon,0.429,0.123,0.261,0.323,0.344,0.483,Água,,Com braços
490,-0.79,-0.537,0.799,0,0,1,Seafaring Pokémon,1.198,0.798,0.934,0.993,1.073,1.195,Água,,Humanoide
491,0.309,-0.099,-2.648,0,0,1,Pitch-Black Pokémon,0.045,0.461,0.598,2.164,0.709,2.085,Sombrio,,Humanoide
492,-0.882,-0.531,2.277,0,0,1,Gratitude Pokémon,1.198,0.798,0.934,0.993,1.073,1.195,Grama,,Quadrúpede
493,1.866,2.304,-2.648,0,0,1,Alpha Pokémon,1.967,1.472,1.606,1.662,1.802,1.907,Normal,,Quadrúpede
494,-0.698,-0.514,2.277,0,0,1,Victory Pokémon,1.198,0.798,0.934,0.993,1.073,1.195,Psíquico,Fogo,Humanoide
495,-0.515,-0.477,0.799,0,0,0,Grass Snake Pokémon,-0.917,-1.057,-0.579,-0.848,-0.566,-0.123,Grama,,Ereto
496,-0.332,-0.407,0.799,0,0,0,Grass Snake Pokémon,-0.34,-0.551,0.093,-0.346,0.162,0.59,Grama,,Ereto
497,1.958,0.012,0.799,0,0,0,Regal Pokémon,0.237,-0.045,0.766,0.156,0.891,1.658,Grama,,Rabiscado
498,-0.607,-0.461,0.799,0,0,0,Fire Pig Pokémon,-0.148,-0.45,-0.915,-0.848,-0.931,-0.763,Fogo,,Quadrúpede
499,-0.149,-0.054,0.799,0,0,0,Fire Pig Pokémon,0.814,0.562,-0.579,-0.011,-0.566,-0.407,Fogo,Lutador,Ereto
500,0.401,0.788,0.799,0,0,0,Mega Fire Pig Pokémon,1.583,1.573,-0.243,0.993,-0.202,-0.051,Fogo,Lutador,Ereto
501,-0.607,-0.497,0.799,0,0,0,Sea Otter Pokémon,-0.532,-0.719,-0.915,-0.245,-0.931,-0.763,Água,,Ereto
502,-0.332,-0.331,0.799,0,0,0,Discipline Pokémon,0.237,-0.045,-0.411,0.424,-0.384,-0.229,Água,,Ereto
503,0.309,0.294,0.799,0,0,0,Formidable Pokémon,1.006,0.798,0.43,1.26,-0.02,0.127,Água,,Quadrúpede
504,-0.607,-0.446,0.799,0,0,0,Scout Pokémon,-0.917,-0.719,-1.117,-1.182,-1.149,-0.87,Normal,,Quadrúpede
505,-0.057,-0.309,0.799,0,0,0,Lookout Pokémon,-0.34,0.292,-0.108,-0.346,-0.056,0.376,Normal,,Ereto
506,-0.698,-0.513,-0.186,0,0,0,Puppy Pokémon,-0.917,-0.551,-0.915,-1.517,-0.931,-0.407,Normal,,Quadrúpede
507,-0.24,-0.418,-0.186,0,0,0,Loyal Dog Pokémon,-0.148,0.123,-0.243,-1.182,-0.202,-0.229,Normal,,Quadrúpede
508,0.034,-0.005,-0.186,0,0,0,Big-Hearted Pokémon,0.622,1.135,0.598,-0.848,0.709,0.483,Normal,,Quadrúpede
509,-0.698,-0.459,-0.186,0,0,0,Devious Pokémon,-1.07,-0.888,-1.184,-0.68,-1.222,-0.016,Sombrio,,Quadrúpede
510,-0.057,-0.215,-0.186,0,0,0,Cruel Pokémon,-0.186,0.393,-0.747,0.591,-0.749,1.409,Sombrio,,Quadrúpede
511,-0.515,-0.456,0.799,0,0,0,Grass Monkey Pokémon,-0.724,-0.787,-0.814,-0.58,-0.821,-0.087,Grama,,Ereto
512,-0.057,-0.277,0.799,0,0,0,Thorn Monkey Pokémon,0.237,0.73,-0.31,0.926,-0.275,1.231,Grama,,Ereto
513,-0.515,-0.451,0.799,0,0,0,High Temp Pokémon,-0.724,-0.787,-0.814,-0.58,-0.821,-0.087,Fogo,,Ereto
514,-0.149,-0.3,0.799,0,0,0,Ember Pokémon,0.237,0.73,-0.31,0.926,-0.275,1.231,Fogo,,Ereto
515,-0.515,-0.429,0.799,0,0,0,Spray Pokémon,-0.724,-0.787,-0.814,-0.58,-0.821,-0.087,Água,,Ereto
516,-0.149,-0.291,0.799,0,0,0,Geyser Pokémon,0.237,0.73,-0.31,0.926,-0.275,1.231,Água,,Ereto
517,-0.515,-0.342,-0.186,0,0,0,Dream Eater Pokémon,0.275,-1.731,-0.915,-0.112,-0.566,-1.511,Psíquico,,Quadrúpede
518,-0.057,-0.01,-0.186,0,0,0,Drowsing Pokémon,1.814,-0.719,0.43,1.227,0.891,-1.333,Psíquico,,Humanoide
519,-0.79,-0.531,-0.186,0,0,0,Tiny Pigeon Pokémon,-0.724,-0.719,-0.747,-1.149,-1.477,-0.835,Normal,Voador,Com asas
520,-0.515,-0.416,-0.186,0,0,0,Wild Pigeon Pokémon,-0.263,0.022,-0.344,-0.68,-1.04,-0.051,Normal,Voador,Com asas
521,0.034,-0.291,-0.186,0,0,0,Proud Pokémon,0.429,1.303,0.261,-0.178,-0.566,0.946,Normal,Voador,Com asas
522,-0.332,-0.284,0.799,0,0,0,Electrified Pokémon,-0.917,-0.551,-1.352,-0.68,-1.404,0.34,Elétrico,,Quadrúpede
523,0.401,0.16,0.799,0,0,0,Thunderbolt Pokémon,0.237,0.798,-0.31,0.323,-0.275,1.765,Elétrico,,Quadrúpede
524,-0.698,-0.389,-0.186,0,0,0,Mantle Pokémon,-0.532,-0.045,0.43,-1.517,-1.659,-1.832,Pedra,,Com pernas
525,-0.24,0.36,-0.186,0,0,0,Ore Pokémon,0.045,0.966,1.102,-0.68,-1.113,-1.654,Pedra,,Com tentáculos
526,0.492,1.769,-0.186,0,0,0,Compressed Pokémon,0.622,1.978,1.942,-0.346,0.344,-1.476,Pedra,,Com tentáculos
527,-0.698,-0.531,-0.186,0,0,0,Bat Pokémon,-0.148,-1.057,-0.982,-0.513,-1.004,0.198,Psíquico,Voador,Com asas
528,-0.24,-0.456,-0.186,0,0,0,Courting Pokémon,-0.071,-0.652,-0.579,0.223,-0.566,1.694,Psíquico,Voador,Com asas
529,-0.79,-0.474,-0.186,0,0,0,Mole Pokémon,-0.34,0.292,-1.083,-1.349,-0.931,0.056,Terrestre,,Ereto
530,-0.424,-0.189,-0.186,0,0,0,Subterrene Pokémon,1.583,1.978,-0.411,-0.68,-0.202,0.768,Terrestre,Aço,Humanoide
531,-0.057,-0.273,-0.186,0,0,0,Hearing Pokémon,1.314,-0.551,0.463,-0.346,0.563,-0.585,Normal,,Ereto
532,-0.515,-0.438,0.799,0,0,0,Muscular Pokémon,0.237,0.123,-0.579,-1.517,-1.295,-1.12,Lutador,,Humanoide
533,0.034,-0.193,-0.186,0,0,0,Muscular Pokémon,0.622,0.966,0.43,-1.015,-0.749,-0.942,Lutador,,Humanoide
534,0.218,0.226,-0.186,0,0,0,Muscular Pokémon,1.391,2.146,0.766,-0.513,-0.202,-0.763,Lutador,,Humanoide
535,-0.607,-0.509,-0.186,0,0,0,Tadpole Pokémon,-0.724,-0.888,-1.083,-0.68,-1.113,-0.087,Água,,Peixe
536,-0.332,-0.398,-0.186,0,0,0,Vibration Pokémon,0.237,-0.382,-0.579,-0.178,-0.566,0.091,Água,Terrestre,Ereto
537,0.309,0.003,-0.186,0,0,0,Vibration Pokémon,1.391,0.629,0.093,0.491,0.162,0.269,Água,Terrestre,Humanoide
538,0.126,-0.054,-0.186,0,0,0,Judo Pokémon,1.967,0.798,0.43,-1.349,0.527,-0.763,Lutador,,Humanoide
539,0.218,-0.095,-0.186,0,0,0,Karate Pokémon,0.237,1.641,0.093,-1.349,0.162,0.661,Lutador,,Humanoide
540,-0.79,-0.527,0.799,0,0,0,Sewing Pokémon,-0.917,-0.787,-0.075,-1.015,-0.384,-0.87,Inseto,Grama,Com armadura
541,-0.607,-0.484,0.799,0,0,0,Leaf-Wrapped Pokémon,-0.532,-0.45,0.598,-0.68,0.344,-0.87,Inseto,Grama,Com braços
542,0.034,-0.367,0.799,0,0,0,Nurturing Pokémon,0.237,0.899,0.261,-0.011,0.344,0.91,Inseto,Grama,Humanoide
543,-0.698,-0.502,-0.186,0,0,0,Centipede Pokémon,-1.493,-1.057,-0.445,-1.349,-1.149,-0.336,Inseto,Venenoso,Com armadura
544,0.034,-0.028,-0.186,0,0,0,Curlipede Pokémon,-1.109,-0.719,0.9,-1.015,0.308,-0.692,Inseto,Venenoso,Esférico
545,1.225,1.238,-0.186,0,0,0,Megapede Pokémon,-0.34,0.798,0.564,-0.513,-0.056,1.622,Inseto,Venenoso,Com armadura
546,-0.79,-0.544,-0.186,0,0,0,Cotton Puff Pokémon,-1.109,-1.664,-0.411,-1.115,-0.749,-0.016,Grama,Fada,Esférico
547,-0.424,-0.49,-0.186,0,0,0,Windveiled Pokémon,-0.34,-0.315,0.43,0.223,0.162,1.765,Grama,Fada,Humanoide
548,-0.607,-0.49,-0.186,0,0,0,Bulb Pokémon,-0.917,-1.394,-0.747,-0.011,-0.749,-1.298,Grama,,Massa informe
549,-0.057,-0.404,-0.186,0,0,0,Flowering Pokémon,0.045,-0.551,0.093,1.327,0.162,0.839,Grama,,Massa informe
550,-0.149,-0.389,-0.186,0,0,0,Hostile Pokémon,0.045,0.528,-0.243,0.323,-0.566,1.124,Água,,Peixe
551,-0.424,-0.414,-0.186,0,0,0,Desert Croc Pokémon,-0.724,-0.146,-1.251,-1.182,-1.295,-0.051,Terrestre,Sombrio,Quadrúpede
552,-0.149,-0.251,-0.186,0,0,0,Desert Croc Pokémon,-0.34,0.191,-0.915,-0.848,-0.931,0.269,Terrestre,Sombrio,Quadrúpede
553,0.309,0.309,-0.186,0,0,0,Intimidation Pokémon,1.006,1.371,0.261,-0.178,-0.02,0.91,Terrestre,Sombrio,Ereto
554,-0.515,-0.215,-0.186,0,0,0,Zen Charm Pokémon,0.045,0.461,-0.915,-1.851,-0.931,-0.585,Fogo,,Humanoide
555,0.126,0.279,-0.186,0,0,0,Blazing Pokémon,1.391,2.146,-0.579,-1.349,-0.566,1.017,Fogo,,Quadrúpede
556,-0.149,-0.3,-0.186,0,0,0,Cactus Pokémon,0.237,0.326,-0.176,1.193,-0.129,-0.229,Grama,,Massa informe
557,-0.79,-0.42,-0.186,0,0,0,Rock Inn Pokémon,-0.724,-0.382,0.43,-1.182,-1.295,-0.407,Inseto,Pedra,Com armadura
558,0.218,1.234,-0.186,0,0,0,Stone Home Pokémon,0.045,0.966,1.774,-0.178,0.162,-0.763,Inseto,Pedra,Com armadura
559,-0.515,-0.444,-0.924,0,0,0,Shedding Pokémon,-0.724,-0.045,-0.075,-1.182,-0.02,-0.657,Sombrio,Lutador,Ereto
560,-0.057,-0.282,-0.186,0,0,0,Hoodlum Pokémon,-0.148,0.461,1.438,-0.848,1.62,-0.301,Sombrio,Lutador,Ereto
561,0.218,-0.424,-0.186,0,0,0,Avianoid Pokémon,0.122,-0.618,0.261,1.093,0.344,1.088,Psíquico,Voador,Com asas
562,-0.607,-0.536,-0.186,0,0,0,Spirit Pokémon,-1.186,-1.562,0.43,-0.513,-0.202,-1.298,Fantasma,,Com braços
563,0.492,0.133,-0.186,0,0,0,Coffin Pokémon,-0.417,-0.888,2.447,0.825,1.255,-1.298,Fantasma,,Massa informe
564,-0.424,-0.402,-0.186,0,0,0,Prototurtle Pokémon,-0.571,0.056,1.035,-0.58,-0.931,-1.582,Água,Pedra,Quadrúpede
565,0.034,0.173,-0.186,0,0,0,Prototurtle Pokémon,0.199,1.067,2.043,0.424,-0.202,-1.226,Água,Pedra,Ereto
566,-0.607,-0.465,-0.186,0,0,0,First Bird Pokémon,-0.532,1.202,-0.915,0.123,-0.931,0.127,Pedra,Voador,Com asas
567,0.218,-0.264,-0.186,0,0,0,First Bird Pokémon,0.237,2.146,-0.243,1.394,-0.202,1.551,Pedra,Voador,Com asas
568,-0.515,-0.273,-0.186,0,0,0,Trash Bag Pokémon,-0.724,-0.888,-0.344,-1.015,-0.311,-0.051,Venenoso,,Humanoide
569,0.676,0.407,-0.186,0,0,0,Trash Heap Pokémon,0.429,0.629,0.329,-0.346,0.417,0.305,Venenoso,,Humanoide
570,-0.424,-0.438,-0.186,0,0,0,Tricky Fox Pokémon,-1.109,-0.382,-1.083,0.323,-1.113,-0.051,Sombrio,,Quadrúpede
571,0.401,0.174,-0.186,0,0,0,Illusion Fox Pokémon,-0.34,0.966,-0.411,1.662,-0.384,1.373,Sombrio,,Ereto
572,-0.698,-0.498,-0.186,0,0,0,Chinchilla Pokémon,-0.532,-0.888,-1.083,-1.015,-1.113,0.305,Normal,,Quadrúpede
573,-0.607,-0.482,-0.186,0,0,0,Scarf Pokémon,0.237,0.629,-0.411,-0.178,-0.384,1.729,Normal,,Quadrúpede
574,-0.698,-0.498,-0.186,0,0,0,Fixation Pokémon,-0.917,-1.562,-0.747,-0.513,-0.202,-0.763,Psíquico,,Humanoide
575,-0.424,-0.389,-0.186,0,0,0,Manipulate Pokémon,-0.34,-1.057,-0.075,0.156,0.527,-0.407,Psíquico,,Humanoide
576,0.309,-0.157,-0.186,0,0,0,Astral Body Pokémon,0.045,-0.719,0.766,0.825,1.437,-0.051,Psíquico,,Humanoide
577,-0.79,-0.54,-0.186,0,0,0,Cell Pokémon,-0.917,-1.562,-1.083,1.16,-0.749,-1.654,Psíquico,,Esférico
578,-0.515,-0.478,-0.186,0,0,0,Mitosis Pokémon,-0.148,-1.225,-0.747,1.829,-0.384,-1.298,Psíquico,,Esférico
579,-0.149,-0.37,-0.186,0,0,0,Multiplying Pokémon,1.583,-0.382,0.093,1.829,0.527,-1.298,Psíquico,,Com braços
580,-0.607,-0.5,0.799,0,0,0,Water Bird Pokémon,-0.263,-1.09,-0.747,-0.881,-0.749,-0.407,Água,Voador,Com asas
581,0.126,-0.334,0.799,0,0,0,White Bird Pokémon,0.237,0.359,-0.31,0.558,-0.275,1.124,Água,Voador,Com asas
582,-0.698,-0.498,-0.186,0,0,0,Fresh Snow Pokémon,-1.263,-0.888,-0.747,-0.178,-0.384,-0.799,Gelo,,Massa informe
583,-0.057,-0.184,-0.186,0,0,0,Icy Snow Pokémon,-0.686,-0.382,-0.243,0.323,0.162,-0.265,Gelo,,Massa informe
584,0.126,-0.037,-0.186,0,0,0,Snowstorm Pokémon,0.083,0.629,0.43,1.327,0.891,0.447,Gelo,,Com cabeças múltiplas
585,-0.515,-0.375,0.799,0,0,0,Season Pokémon,-0.34,-0.551,-0.747,-1.015,-0.749,0.305,Normal,Grama,Quadrúpede
586,0.676,0.275,0.799,0,0,0,Season Pokémon,0.429,0.798,-0.075,-0.346,-0.02,1.017,Normal,Grama,Quadrúpede
587,-0.698,-0.505,-0.186,0,0,0,Sky Squirrel Pokémon,-0.532,-0.045,-0.411,0.156,-0.384,1.302,Elétrico,Voador,Quadrúpede
588,-0.607,-0.497,-0.186,0,0,0,Clamping Pokémon,-0.724,-0.045,-0.915,-1.015,-0.931,-0.229,Inseto,,Humanoide
589,-0.149,-0.255,-0.186,0,0,0,Cavalry Pokémon,0.045,1.978,1.102,-0.346,1.255,-1.654,Inseto,Aço,Com braços
590,-0.882,-0.54,-0.186,0,0,0,Mushroom Pokémon,0.006,-0.719,-0.915,-0.513,-0.566,-1.832,Grama,Venenoso,Com braços
591,-0.515,-0.456,-0.186,0,0,0,Mushroom Pokémon,1.737,0.292,-0.075,0.491,0.344,-1.298,Grama,Venenoso,Com braços
592,0.034,-0.255,-0.186,0,0,0,Floating Pokémon,-0.532,-1.225,-0.747,-0.178,0.527,-0.942,Água,Fantasma,Com tentáculos
593,0.95,0.654,-0.186,0,0,0,Floating Pokémon,1.198,-0.551,-0.075,0.491,1.255,-0.229,Água,Fantasma,Com tentáculos
594,0.034,-0.268,0.799,0,0,0,Caring Pokémon,3.698,-0.045,0.261,-1.015,-0.931,-0.051,Água,,Peixe
595,-0.973,-0.544,-0.186,0,0,0,Attaching Pokémon,-0.724,-0.989,-0.747,-0.446,-0.749,-0.051,Inseto,Elétrico,Com armadura
596,-0.332,-0.422,-0.186,0,0,0,EleSpider Pokémon,0.045,0.022,-0.411,0.892,-0.384,1.48,Inseto,Elétrico,Com armadura
597,-0.515,-0.382,-0.186,0,0,0,Thorn Seed Pokémon,-0.955,-0.888,0.631,-1.55,0.563,-2.01,Grama,Aço,Esférico
598,-0.149,0.431,-0.186,0,0,0,Thorn Pod Pokémon,0.199,0.595,1.976,-0.546,1.656,-1.654,Grama,Aço,Com tentáculos
599,-0.79,-0.362,-0.186,0,0,0,Gear Pokémon,-1.109,-0.719,-0.075,-0.848,-0.384,-1.298,Aço,,Com cabeças múltiplas
600,-0.515,-0.095,-0.186,0,0,0,Gear Pokémon,-0.34,0.123,0.766,-0.011,0.527,-0.585,Aço,,Com cabeças múltiplas
601,-0.515,0.173,-0.186,0,0,0,Gear Pokémon,-0.34,0.798,1.438,-0.011,0.527,0.839,Aço,,Com cabeças múltiplas
602,-0.882,-0.547,0.799,0,0,0,EleFish Pokémon,-1.301,-0.719,-1.083,-0.848,-1.113,-0.229,Elétrico,,Peixe
603,0.034,-0.353,0.799,0,0,0,EleFish Pokémon,-0.148,0.292,-0.075,0.156,-0.02,-0.942,Elétrico,,Peixe
604,0.859,0.168,0.799,0,0,0,EleFish Pokémon,0.622,1.303,0.261,1.16,0.344,-0.585,Elétrico,,Peixe
605,-0.607,-0.469,-0.186,0,0,0,Cerebral Pokémon,-0.532,-0.719,-0.579,0.491,-0.566,-1.298,Psíquico,,Ereto
606,-0.149,-0.242,-0.186,0,0,0,Cerebral Pokémon,0.237,-0.045,0.093,1.829,0.891,-0.942,Psíquico,,Humanoide
607,-0.79,-0.522,-0.186,0,0,0,Candle Pokémon,-0.724,-1.562,-0.579,-0.178,-0.566,-1.654,Fantasma,Fogo,Massa informe
608,-0.515,-0.433,-0.186,0,0,0,Lamp Pokémon,-0.34,-1.225,-0.411,0.825,-0.384,-0.407,Fantasma,Fogo,Com braços
609,-0.149,-0.243,-0.186,0,0,0,Luring Pokémon,-0.34,-0.719,0.598,2.498,0.709,0.483,Fantasma,Fogo,Com braços
610,-0.515,-0.389,-0.924,0,0,0,Tusk Pokémon,-0.878,0.359,-0.411,-1.349,-1.113,-0.336,Dragão,,Ereto
611,-0.149,-0.228,-0.924,0,0,0,Axe Jaw Pokémon,-0.109,1.371,-0.075,-1.015,-0.749,0.02,Dragão,,Ereto
612,0.584,0.391,-0.924,0,0,0,Axe Jaw Pokémon,0.275,2.382,0.598,-0.346,-0.02,1.088,Dragão,,Ereto
613,-0.607,-0.474,-0.186,0,0,0,Chill Pokémon,-0.532,-0.214,-1.083,-0.346,-1.113,-0.942,Gelo,,Ereto
614,1.317,1.769,-0.186,0,0,0,Freezing Pokémon,1.006,1.809,0.261,-0.011,0.344,-0.585,Gelo,,Quadrúpede
615,-0.057,0.77,-0.186,0,0,0,Crystallizing Pokémon,0.429,-0.888,-0.747,0.825,2.348,1.373,Gelo,,Esférico
616,-0.698,-0.481,-0.186,0,0,0,Snail Pokémon,-0.724,-1.225,0.43,-1.015,-0.202,-1.476,Inseto,,Esférico
617,-0.332,-0.324,-0.186,0,0,0,Shell Out Pokémon,0.429,-0.214,-1.083,0.993,-0.384,2.797,Inseto,,Com braços
618,-0.424,-0.451,0.799,0,0,0,Trap Pokémon,1.544,-0.349,0.396,0.357,1.037,-1.226,Terrestre,Elétrico,Peixe
619,-0.24,-0.371,-0.186,0,0,0,Martial Arts Pokémon,-0.917,0.292,-0.747,-0.513,-0.749,-0.051,Lutador,,Ereto
620,0.218,-0.233,-0.186,0,0,0,Martial Arts Pokémon,-0.148,1.641,-0.411,0.825,-0.384,1.373,Lutador,,Ereto
621,0.401,0.69,-0.186,0,0,0,Cave Pokémon,0.314,1.472,0.598,-0.346,0.709,-0.657,Dragão,,Ereto
622,-0.149,0.271,-0.186,0,0,0,Automaton Pokémon,-0.378,-0.079,-0.747,-1.182,-0.749,-1.12,Terrestre,Fantasma,Humanoide
623,1.5,2.393,-0.186,0,0,0,Automaton Pokémon,0.775,1.607,0.261,-0.513,0.344,-0.407,Terrestre,Fantasma,Humanoide
624,-0.607,-0.458,-0.924,0,0,0,Sharp Blade Pokémon,-0.917,0.292,-0.075,-1.015,-1.113,-0.229,Sombrio,Aço,Humanoide
625,0.401,0.075,-0.924,0,0,0,Sword Blade Pokémon,-0.148,1.641,0.934,-0.346,-0.02,0.127,Sombrio,Aço,Humanoide
626,0.401,0.294,-0.186,0,0,0,Bash Buffalo Pokémon,1.006,1.135,0.766,-1.015,0.891,-0.407,Normal,,Quadrúpede
627,-0.607,-0.456,-0.186,0,0,0,Eaglet Pokémon,0.045,0.225,-0.747,-1.115,-0.749,-0.229,Normal,Voador,Com asas
628,0.309,-0.184,-0.186,0,0,0,Valiant Pokémon,1.198,1.573,0.093,-0.446,0.162,0.483,Normal,Voador,Com asas
629,-0.607,-0.469,-0.924,0,0,0,Diapered Pokémon,0.045,-0.719,0.093,-0.848,-0.202,-0.229,Sombrio,Voador,Com asas
630,0.034,-0.197,-0.924,0,0,0,Bone Vulture Pokémon,1.583,-0.382,1.102,-0.513,0.891,0.483,Sombrio,Voador,Com asas
631,0.218,-0.032,-0.186,0,0,0,Anteater Pokémon,0.622,0.697,-0.209,1.16,-0.166,-0.051,Fogo,,Ereto
632,-0.79,-0.255,-0.186,0,0,0,Iron Ant Pokémon,-0.417,1.101,1.337,-0.747,-0.821,1.516,Inseto,Aço,Com armadura
633,-0.332,-0.395,-0.924,0,0,0,Irate Pokémon,-0.647,-0.382,-0.747,-0.848,-0.749,-1.013,Sombrio,Dragão,Quadrúpede
634,0.218,-0.103,-0.924,0,0,0,Hostile Pokémon,0.122,0.292,-0.075,-0.178,-0.02,-0.301,Sombrio,Dragão,Quadrúpede
635,0.584,0.877,-0.924,0,0,0,Brutal Pokémon,0.891,0.966,0.598,1.829,0.709,1.124,Sombrio,Dragão,Ereto
636,-0.057,-0.293,-0.186,0,0,0,Torch Pokémon,-0.532,0.292,-0.579,-0.68,-0.566,-0.229,Inseto,Fogo,Com armadura
637,0.401,-0.139,-0.186,0,0,0,Sun Pokémon,0.622,-0.551,-0.243,2.164,1.255,1.195,Inseto,Fogo,Com asas de inseto
638,0.859,1.68,-0.924,0,1,0,Iron Will Pokémon,0.852,0.461,1.909,0.658,0.053,1.48,Aço,Lutador,Quadrúpede
639,0.676,1.769,-0.924,0,1,0,Cavern Pokémon,0.852,1.775,0.598,0.056,0.709,1.48,Pedra,Lutador,Quadrúpede
640,0.767,1.234,-0.924,0,1,0,Grassland Pokémon,0.852,0.461,-0.008,0.658,2.13,1.48,Grama,Lutador,Quadrúpede
641,0.309,0.012,1.784,0,1,0,Cyclone Pokémon,0.391,1.303,-0.075,1.829,0.344,1.587,Voador,,Com braços
642,0.309,-0.005,1.784,0,1,0,Bolt Strike Pokémon,0.391,1.303,-0.075,1.829,0.344,1.587,Elétrico,Voador,Com braços
643,1.866,2.393,-2.648,0,1,0,Vast White Pokémon,1.198,1.472,0.934,2.665,1.802,0.839,Dragão,Fogo,Com asas
644,1.591,2.527,-2.648,0,1,0,Deep Black Pokémon,1.198,2.483,1.606,1.662,1.073,0.839,Dragão,Elétrico,Ereto
645,0.309,0.057,1.784,0,1,0,Abundance Pokémon,0.775,1.641,0.598,1.494,0.344,1.231,Terrestre,Voador,Com braços
646,1.683,2.348,-2.648,0,1,0,Boundary Pokémon,2.16,1.809,0.598,1.996,0.709,1.017,Dragão,Gelo,Ereto
647,0.218,-0.117,-0.924,0,0,1,Colt Pokémon,0.852,-0.146,0.598,1.963,0.709,1.48,Água,Lutador,Quadrúpede
648,-0.515,-0.491,2.277,0,0,1,Melody Pokémon,1.198,0.022,0.161,1.929,2.093,0.839,Normal,Psíquico,Humanoide
649,0.309,0.186,-2.648,0,0,1,Paleozoic Pokémon,0.083,1.472,0.766,1.662,0.891,1.159,Inseto,Aço,Humanoide
650,-0.698,-0.469,0.799,0,0,0,Spiny Nut Pokémon,-0.494,-0.517,-0.243,-0.747,-0.931,-1.013,Grama,,Ereto
651,-0.424,-0.291,0.799,0,0,0,Spiny Armor Pokémon,-0.301,0.056,0.766,-0.48,-0.457,-0.336,Grama,,Ereto
652,0.401,0.253,0.799,0,0,0,Spiny Armor Pokémon,0.737,1.034,1.673,0.123,0.162,-0.087,Grama,Lutador,Ereto
653,-0.698,-0.465,0.799,0,0,0,Fox Pokémon,-1.109,-1.057,-1.083,-0.279,-0.384,-0.229,Fogo,,Quadrúpede
654,-0.149,-0.42,0.799,0,0,0,Fox Pokémon,-0.378,-0.585,-0.478,0.658,-0.02,0.234,Fogo,,Ereto
655,0.309,-0.202,0.799,0,0,0,Fox Pokémon,0.237,-0.247,-0.008,1.461,1.073,1.337,Fogo,Psíquico,Ereto
656,-0.79,-0.487,0.799,0,0,0,Bubble Frog Pokémon,-1.07,-0.686,-1.083,-0.279,-0.967,0.162,Água,,Quadrúpede
657,-0.515,-0.452,0.799,0,0,0,Bubble Frog Pokémon,-0.571,-0.45,-0.68,0.424,-0.53,1.088,Água,,Humanoide
658,0.309,-0.193,0.799,0,0,0,Ninja Pokémon,0.122,0.629,-0.176,1.093,0.016,1.978,Água,Sombrio,Humanoide
659,-0.698,-0.505,-0.186,0,0,0,Digging Pokémon,-1.186,-1.36,-1.151,-1.283,-1.259,-0.336,Normal,,Ereto
660,-0.149,-0.171,-0.186,0,0,0,Digging Pokémon,0.622,-0.686,0.161,-0.68,0.235,0.412,Normal,Terrestre,Ereto
661,-0.79,-0.534,-0.186,0,0,0,Tiny Robin Pokémon,-0.917,-0.888,-0.982,-1.015,-1.186,-0.158,Normal,Voador,Com asas
662,-0.424,-0.407,-0.186,0,0,0,Ember Pokémon,-0.263,-0.113,-0.579,-0.48,-0.676,0.625,Fogo,Voador,Com asas
663,0.034,-0.331,-0.186,0,0,0,Scorching Pokémon,0.352,0.157,-0.041,0.123,-0.056,2.121,Fogo,Voador,Com asas
664,-0.79,-0.527,0.799,0,0,0,Scatterdust Pokémon,-1.186,-1.394,-1.083,-1.45,-1.659,-1.12,Inseto,,Com armadura
665,-0.79,-0.474,0.799,0,0,0,Scatterdust Pokémon,-0.917,-1.832,-0.411,-1.45,-1.477,-1.333,Inseto,,Massa informe
666,0.034,-0.398,0.799,0,0,0,Scale Pokémon,0.429,-0.821,-0.747,0.658,-0.749,0.803,Inseto,Voador,Com asas de inseto
667,-0.515,-0.429,0.799,0,0,0,Lion Cub Pokémon,-0.263,-0.888,-0.478,0.089,-0.603,0.198,Fogo,Normal,Quadrúpede
668,0.309,0.177,0.799,0,0,0,Royal Pokémon,0.66,-0.281,-0.008,1.294,-0.166,1.409,Fogo,Normal,Quadrúpede
669,-0.973,-0.548,0.799,0,0,0,Single Bloom Pokémon,-0.955,-1.293,-1.117,-0.312,0.308,-0.87,Fada,,Com braços
670,-0.882,-0.541,0.799,0,0,0,Single Bloom Pokémon,-0.571,-1.057,-0.848,0.156,1.0,-0.514,Fada,,Com braços
671,-0.057,-0.46,0.799,0,0,0,Garden Pokémon,0.352,-0.382,-0.142,1.394,3.04,0.305,Fada,,Com braços
672,-0.24,-0.273,0.799,0,0,0,Mount Pokémon,-0.109,-0.382,-0.814,-0.279,-0.494,-0.514,Grama,,Quadrúpede
673,0.492,0.262,0.799,0,0,0,Mount Pokémon,2.083,0.798,-0.344,0.892,0.381,0.056,Grama,,Quadrúpede
674,-0.515,-0.478,-0.186,0,0,0,Playful Pokémon,-0.071,0.191,-0.344,-0.814,-0.821,-0.835,Lutador,,Ereto
675,0.859,0.663,-0.186,0,0,0,Daunting Pokémon,1.006,1.607,0.194,-0.045,0.016,-0.301,Lutador,Sombrio,Humanoide
676,0.034,-0.3,0.799,0,0,0,Poodle Pokémon,0.237,0.123,-0.411,-0.178,0.709,1.266,Normal,,Quadrúpede
677,-0.79,-0.518,-0.186,0,0,0,Restraint Pokémon,-0.263,-0.956,-0.613,-0.245,-0.384,0.056,Psíquico,,Ereto
678,-0.515,-0.474,-0.186,0,0,0,Constraint Pokémon,0.199,-0.956,0.127,0.424,0.381,1.337,Psíquico,,Ereto
679,-0.332,-0.531,-0.186,0,0,0,Sword Pokémon,-0.917,0.123,0.934,-1.182,-1.222,-1.369,Aço,Fantasma,Massa informe
680,-0.332,-0.509,-0.186,0,0,0,Sword Pokémon,-0.378,1.135,2.615,-0.848,-0.785,-1.12,Aço,Fantasma,Com cabeças múltiplas
681,0.492,-0.077,-0.186,0,0,0,Royal Sword Pokémon,-0.34,-0.888,2.279,-0.68,2.53,-0.229,Aço,Fantasma,Massa informe
682,-0.882,-0.545,-0.186,0,0,0,Perfume Pokémon,0.352,-0.821,-0.411,-0.245,-0.202,-1.547,Fada,,Com braços
683,-0.332,-0.411,-0.186,0,0,0,Fragrance Pokémon,1.237,-0.146,-0.008,0.959,0.672,-1.333,Fada,,Humanoide
684,-0.698,-0.518,-0.186,0,0,0,Cotton Candy Pokémon,-0.263,-0.956,-0.209,-0.379,-0.494,-0.621,Fada,,Com pernas
685,-0.332,-0.505,-0.186,0,0,0,Meringue Pokémon,0.506,0.123,0.463,0.491,0.162,0.198,Fada,,Humanoide
686,-0.698,-0.518,-0.186,0,0,0,Revolving Pokémon,-0.609,-0.753,-0.646,-1.115,-0.894,-0.763,Sombrio,Psíquico,Com tentáculos
687,0.309,-0.13,-0.186,0,0,0,Overturning Pokémon,0.66,0.528,0.53,-0.078,0.162,0.234,Sombrio,Psíquico,Massa informe
688,-0.607,-0.273,-0.186,0,0,0,Two-Handed Pokémon,-1.032,-0.821,-0.176,-1.048,-0.53,-0.585,Pedra,Água,Com cabeças múltiplas
689,0.126,0.307,-0.186,0,0,0,Collective Pokémon,0.122,0.966,1.438,-0.546,0.563,0.056,Pedra,Água,Com cabeças múltiplas
690,-0.607,-0.484,-0.186,0,0,0,Mock Kelp Pokémon,-0.724,-0.551,-0.411,-0.346,-0.384,-1.298,Venenoso,Água,Massa informe
691,0.584,0.177,-0.186,0,0,0,Mock Kelp Pokémon,-0.148,-0.045,0.598,0.892,1.911,-0.799,Venenoso,Dragão,Massa informe
692,-0.607,-0.475,-0.186,0,0,0,Water Gun Pokémon,-0.724,-0.787,-0.344,-0.413,-0.275,-0.799,Água,,Com armadura
693,0.126,-0.235,-0.186,0,0,0,Howitzer Pokémon,0.083,-0.113,0.53,1.662,0.672,-0.265,Água,,Rabiscado
694,-0.607,-0.496,-0.186,0,0,0,Generator Pokémon,-0.955,-1.293,-1.319,-0.312,-1.004,0.127,Elétrico,Normal,Ereto
695,-0.149,-0.362,-0.186,0,0,0,Generator Pokémon,-0.263,-0.719,-0.68,1.294,0.854,1.516,Elétrico,Normal,Ereto
696,-0.332,-0.317,-0.186,0,0,0,Royal Heir Pokémon,-0.417,0.427,0.161,-0.848,-0.931,-0.657,Pedra,Dragão,Ereto
697,1.225,1.858,-0.186,0,0,0,Despot Pokémon,0.506,1.506,1.573,-0.045,-0.421,0.162,Pedra,Dragão,Ereto
698,0.126,-0.325,-0.186,0,0,0,Tundra Pokémon,0.314,-0.585,-0.747,-0.112,-0.275,-0.728,Pedra,Gelo,Quadrúpede
699,1.408,1.457,-0.186,0,0,0,Tundra Pokémon,2.083,0.022,-0.008,0.959,0.782,-0.301,Pedra,Gelo,Quadrúpede
700,-0.149,-0.34,-0.186,0,0,0,Intertwining Pokémon,1.006,-0.382,-0.243,1.327,2.166,-0.229,Fada,,Quadrúpede
701,-0.332,-0.358,-0.186,0,0,0,Wrestling Pokémon,0.352,0.528,0.093,0.123,-0.275,1.836,Lutador,Voador,Humanoide
702,-0.882,-0.53,-0.186,0,0,0,Antenna Pokémon,-0.071,-0.618,-0.512,0.357,-0.129,1.231,Elétrico,Fada,Ereto
703,-0.79,-0.498,-0.186,0,0,0,Jewel Pokémon,-0.724,-0.888,2.615,-0.68,2.895,-0.585,Pedra,Fada,Esférico
704,-0.79,-0.524,-0.924,0,0,0,Soft Tissue Pokémon,-0.917,-0.888,-1.251,-0.513,0.162,-0.942,Dragão,,Rabiscado
705,-0.332,-0.393,-0.924,0,0,0,Soft Tissue Pokémon,-0.032,-0.045,-0.646,0.424,1.547,-0.229,Dragão,,Rabiscado
706,0.767,0.793,-0.924,0,0,0,Dragon Pokémon,0.814,0.798,-0.075,1.327,2.895,0.483,Dragão,,Ereto
707,-0.882,-0.523,-0.186,0,0,0,Key Ring Pokémon,-0.455,0.123,0.631,0.323,0.599,0.305,Aço,Fada,Esférico
708,-0.698,-0.487,-0.186,0,0,0,Stump Pokémon,-0.994,-0.214,-0.814,-0.68,-0.384,-1.013,Fantasma,Grama,Com braços
709,0.309,0.084,-0.186,0,0,0,Elder Tree Pokémon,0.622,1.135,0.127,-0.178,0.417,-0.372,Fantasma,Grama,Com tentáculos
710,-0.698,-0.505,-0.186,0,0,0,Pumpkin Pokémon,-0.763,-0.349,-0.075,-0.881,-0.566,-0.55,Fantasma,Grama,Esférico
711,-0.24,-0.438,-0.186,0,0,0,Pumpkin Pokémon,-0.148,0.461,1.673,-0.413,0.162,0.625,Fantasma,Grama,Massa informe
712,-0.149,0.338,-0.186,0,0,0,Ice Chunk Pokémon,-0.532,-0.247,0.43,-1.283,-1.295,-1.369,Gelo,,Quadrúpede
713,0.767,3.953,-0.186,0,0,0,Iceberg Pokémon,1.006,1.371,3.758,-0.881,-0.894,-1.369,Gelo,,Quadrúpede
714,-0.607,-0.478,-0.186,0,0,0,Sound Wave Pokémon,-1.109,-1.562,-1.251,-0.848,-1.113,-0.407,Voador,Dragão,Com asas
715,0.309,0.209,-0.186,0,0,0,Sound Wave Pokémon,0.622,-0.214,0.261,0.892,0.344,2.014,Voador,Dragão,Com asas
716,1.683,1.368,-2.648,0,1,0,Life Pokémon,2.198,1.843,0.766,2.03,1.0,1.159,Fada,,Quadrúpede
717,4.248,1.261,-2.648,0,1,0,Destruction Pokémon,2.198,1.843,0.766,2.03,1.0,1.159,Sombrio,Voador,Com asas
718,3.515,2.17,-2.648,0,1,0,Order Pokémon,1.506,0.798,1.64,0.357,0.891,1.017,Dragão,Terrestre,Rabiscado
719,-0.424,-0.471,-0.186,0,0,1,Jewel Pokémon,-0.724,0.798,2.615,0.993,2.895,-0.585,Pedra,Fada,Com braços
720,-0.607,-0.469,2.277,0,0,1,Mischief Pokémon,0.429,1.135,-0.411,2.665,2.166,0.127,Psíquico,Fantasma,Com braços
721,0.492,1.189,2.277,0,0,1,Steam Pokémon,0.429,1.135,1.606,1.996,0.709,0.127,Fogo,Água,Quadrúpede
722,-0.79,-0.536,-0.186,0,0,0,Grass Quill Pokémon,-0.032,-0.719,-0.579,-0.68,-0.749,-0.87,Grama,Voador,Com asas
723,-0.424,-0.407,-0.186,0,0,0,Blade Quill Pokémon,0.352,-0.045,0.093,-0.011,-0.02,-0.514,Grama,Voador,Com asas
724,0.401,-0.223,-0.186,0,0,0,Arrow Quill Pokémon,0.352,1.034,0.093,0.993,1.073,0.127,Grama,Fantasma,Com asas
725,-0.698,-0.511,-0.186,0,0,0,Fire Cat Pokémon,-0.917,-0.382,-1.083,-0.346,-1.113,0.127,Fogo,,Quadrúpede
726,-0.424,-0.326,-0.186,0,0,0,Fire Cat Pokémon,-0.148,0.292,-0.747,0.323,-0.749,0.839,Fogo,,Quadrúpede
727,0.584,0.191,-0.186,0,0,0,Heel Pokémon,1.006,1.303,0.598,0.323,0.709,-0.229,Fogo,Sombrio,Ereto
728,-0.698,-0.482,-0.186,0,0,0,Sea Lion Pokémon,-0.724,-0.753,-0.613,-0.145,-0.53,-0.942,Água,,Peixe
729,-0.515,-0.393,-0.186,0,0,0,Pop Star Pokémon,-0.34,-0.247,-0.108,0.691,0.381,-0.585,Água,,Peixe
730,0.584,-0.157,-0.186,0,0,0,Soloist Pokémon,0.429,-0.079,0.06,1.862,1.656,-0.229,Água,Fada,Peixe
731,-0.79,-0.539,0.799,0,0,0,Woodpecker Pokémon,-1.301,-0.045,-1.42,-1.349,-1.477,-0.051,Normal,Voador,Com asas
732,-0.515,-0.417,0.799,0,0,0,Bugle Beak Pokémon,-0.532,0.292,-0.747,-1.015,-0.749,0.305,Normal,Voador,Com asas
733,-0.057,-0.317,0.799,0,0,0,Cannon Pokémon,0.429,1.472,0.093,0.156,0.162,-0.229,Normal,Voador,Com asas
734,-0.698,-0.496,0.799,0,0,0,Loitering Pokémon,-0.801,-0.214,-1.42,-1.349,-1.477,-0.763,Normal,,Quadrúpede
735,-0.424,-0.423,0.799,0,0,0,Stakeout Pokémon,0.737,1.135,-0.411,-0.513,-0.384,-0.763,Normal,,Quadrúpede
736,-0.698,-0.51,-0.186,0,0,0,Larva Pokémon,-0.84,-0.483,-0.915,-0.513,-0.931,-0.728,Inseto,,Com armadura
737,-0.607,-0.456,-0.186,0,0,0,Battery Pokémon,-0.455,0.191,0.766,-0.513,0.162,-1.084,Inseto,Elétrico,Rabiscado
738,0.309,-0.148,-0.186,0,0,0,Stag Beetle Pokémon,0.314,-0.214,0.598,2.498,0.162,-0.835,Inseto,Elétrico,Com armadura
739,-0.515,-0.487,0.799,0,0,0,Boxing Pokémon,-0.84,0.191,-0.512,-0.948,-0.858,-0.123,Lutador,,Com armadura
740,0.492,1.056,0.799,0,0,0,Woolly Crab Pokémon,1.083,1.877,0.161,-0.279,-0.129,-0.835,Lutador,Gelo,Com armadura
741,-0.515,-0.519,0.799,0,0,0,Dancing Pokémon,0.237,-0.214,-0.075,0.926,-0.02,0.946,Fogo,Voador,Com asas
742,-0.973,-0.548,-0.186,0,0,0,Bee Fly Pokémon,-1.109,-1.057,-1.083,-0.513,-1.113,0.625,Inseto,Fada,Com armadura
743,-0.882,-0.545,-0.186,0,0,0,Bee Fly Pokémon,-0.34,-0.719,-0.411,0.825,-0.02,2.05,Inseto,Fada,Com asas de inseto
744,-0.607,-0.467,-0.186,0,0,0,Puppy Pokémon,-0.917,-0.382,-1.083,-1.349,-1.113,-0.229,Pedra,,Quadrúpede
745,-0.332,-0.326,-0.186,0,0,0,Wolf Pokémon,0.237,1.303,-0.243,-0.513,-0.202,1.622,Pedra,,Quadrúpede
746,-0.882,-0.547,-0.186,0,0,0,Small Fry Pokémon,-0.917,-1.9,-1.756,-1.517,-1.659,-0.942,Água,,Peixe
747,-0.698,-0.478,-0.186,0,0,0,Brutal Star Pokémon,-0.724,-0.787,-0.344,-0.915,-0.676,-0.763,Venenoso,Água,Massa informe
748,-0.424,-0.42,-0.186,0,0,0,Brutal Star Pokémon,-0.724,-0.45,2.682,-0.58,2.603,-1.12,Venenoso,Água,Com tentáculos
749,-0.149,0.431,-0.186,0,0,0,Donkey Pokémon,0.045,0.798,-0.075,-0.848,-0.566,-0.763,Terrestre,,Quadrúpede
750,1.225,7.653,-0.186,0,0,0,Draft Horse Pokémon,1.198,1.641,0.934,-0.513,0.527,-1.12,Terrestre,,Quadrúpede
751,-0.79,-0.514,-0.186,0,0,0,Water Bubble Pokémon,-1.186,-1.225,-0.68,-1.015,0.053,-1.404,Água,Inseto,Com pernas
752,0.584,0.182,-0.186,0,0,0,Water Bubble Pokémon,-0.032,-0.214,0.665,-0.68,2.239,-0.87,Água,Inseto,Com armadura
753,-0.79,-0.536,-0.186,0,0,0,Sickle Grass Pokémon,-1.109,-0.719,-1.251,-0.68,-1.295,-1.12,Grama,,Ereto
754,-0.24,-0.384,-0.186,0,0,0,Bloom Sickle Pokémon,0.045,0.966,0.598,0.323,0.709,-0.763,Grama,,Humanoide
755,-0.882,-0.536,-0.186,0,0,0,Illuminating Pokémon,-1.109,-1.394,-0.579,-0.178,0.162,-1.832,Grama,Fada,Massa informe
756,-0.149,-0.447,-0.186,0,0,0,Illuminating Pokémon,-0.34,-1.057,0.261,0.658,1.073,-1.298,Grama,Fada,Humanoide
757,-0.515,-0.506,-0.186,0,0,0,Toxic Lizard Pokémon,-0.801,-1.09,-1.083,0.022,-1.113,0.376,Venenoso,Fogo,Quadrúpede
758,0.034,-0.351,-0.186,0,0,0,Toxic Lizard Pokémon,-0.032,-0.416,-0.411,1.361,-0.384,1.8,Venenoso,Fogo,Quadrúpede
759,-0.607,-0.489,-0.186,0,0,0,Flailing Pokémon,0.045,-0.045,-0.747,-0.848,-0.749,-0.585,Normal,Lutador,Quadrúpede
760,0.859,0.654,-0.186,0,0,0,Strong Arm Pokémon,1.967,1.641,0.261,-0.513,-0.384,-0.229,Normal,Lutador,Ereto
761,-0.79,-0.521,-0.186,0,0,0,Fruit Pokémon,-1.032,-1.562,-1.151,-1.349,-1.186,-1.226,Grama,,Com pernas
762,-0.424,-0.476,-0.186,0,0,0,Fruit Pokémon,-0.647,-1.225,-0.814,-1.015,-0.821,-0.158,Grama,,Humanoide
763,0.034,-0.358,-0.186,0,0,0,Fruit Pokémon,0.122,1.472,0.867,-0.68,1.0,0.198,Grama,,Humanoide
764,-0.973,-0.547,-0.186,0,0,0,Posy Picker Pokémon,-0.686,-0.821,0.598,0.39,1.437,1.195,Fada,,Esférico
765,0.309,0.128,-0.186,0,0,0,Sage Pokémon,0.814,-0.551,0.261,0.658,1.437,-0.229,Normal,Psíquico,Humanoide
766,0.767,0.189,-0.186,0,0,0,Teamwork Pokémon,1.198,1.472,0.598,-1.015,-0.384,0.483,Lutador,,Ereto
767,-0.607,-0.442,-0.186,0,0,0,Turn Tail Pokémon,-1.686,-1.394,-1.083,-1.684,-1.477,0.483,Inseto,Água,Com tentáculos
768,0.767,0.414,-0.186,0,0,0,Hard Scale Pokémon,0.237,1.641,2.279,-0.346,0.709,-0.942,Inseto,Água,Humanoide
769,-0.607,0.075,-0.186,0,0,0,Sand Heap Pokémon,-0.532,-0.719,0.261,-0.011,-0.931,-1.832,Fantasma,Terrestre,Rabiscado
770,0.126,1.68,-0.186,0,0,0,Sand Castle Pokémon,0.622,-0.045,1.27,0.993,0.162,-1.12,Fantasma,Terrestre,Rabiscado
771,-0.79,-0.539,-0.186,0,0,0,Sea Cucumber Pokémon,-0.532,-0.551,1.942,-1.349,2.166,-2.188,Água,,Rabiscado
772,0.676,0.525,-2.648,0,1,0,Synthetic Pokémon,1.006,0.629,0.766,0.825,0.891,-0.265,Normal,,Quadrúpede
773,1.042,0.347,-2.648,0,1,0,Synthetic Pokémon,1.006,0.629,0.766,0.825,0.891,1.017,Normal,,Quadrúpede
774,-0.79,-0.193,0.799,0,0,0,Meteor Pokémon,-0.34,-0.551,0.934,-0.346,1.073,-0.229,Pedra,Voador,Esférico
775,-0.698,-0.372,0.799,0,0,0,Drowsing Pokémon,-0.148,1.303,-0.243,0.156,0.891,-0.051,Normal,,Humanoide
776,0.767,1.341,-0.186,0,0,0,Blast Turtle Pokémon,-0.34,0.056,2.11,0.691,0.527,-1.084,Fogo,Dragão,Ereto
777,-0.79,-0.52,-0.186,0,0,0,Roly-Poly Pokémon,-0.148,0.73,-0.31,-1.015,0.089,1.053,Elétrico,Aço,Ereto
778,-0.882,-0.543,-0.186,0,0,0,Disguise Pokémon,-0.532,0.461,0.261,-0.68,1.255,1.053,Fantasma,Fada,Rabiscado
779,-0.24,-0.38,0.799,0,0,0,Gnash Teeth Pokémon,-0.032,0.966,-0.075,-0.011,-0.02,0.91,Água,Psíquico,Peixe
780,1.683,1.1,-0.186,0,0,0,Placid Pokémon,0.352,-0.551,0.43,2.164,0.745,-1.084,Normal,Dragão,Rabiscado
781,2.507,1.323,-0.186,0,0,0,Sea Creeper Pokémon,0.045,1.843,0.934,0.524,0.709,-0.942,Fantasma,Grama,Massa informe
782,-0.515,-0.284,-0.186,0,0,0,Scaly Pokémon,-0.917,-0.719,-0.243,-0.848,-0.931,-0.763,Dragão,,Quadrúpede
783,0.034,-0.13,-0.186,0,0,0,Scaly Pokémon,-0.532,-0.045,0.598,-0.178,-0.02,-0.051,Dragão,Lutador,Ereto
784,0.401,0.148,-0.186,0,0,0,Scaly Pokémon,0.237,1.135,1.774,0.993,1.255,0.661,Dragão,Lutador,Ereto
785,0.584,-0.367,-0.186,0,1,0,Land Spirit Pokémon,0.045,1.303,0.43,0.825,0.162,2.263,Elétrico,Fada,Com braços
786,0.034,-0.383,-0.186,0,1,0,Land Spirit Pokémon,0.045,0.292,0.093,1.996,1.62,1.017,Psíquico,Fada,Com braços
787,0.676,-0.144,-0.186,0,1,0,Land Spirit Pokémon,0.045,1.809,1.438,0.491,0.891,0.305,Grama,Fada,Com braços
788,0.126,-0.36,-0.186,0,1,0,Land Spirit Pokémon,0.045,-0.045,1.438,0.825,2.166,0.661,Água,Fada,Com braços
789,-0.882,-0.548,-2.648,0,1,0,Nebula Pokémon,-0.994,-1.596,-1.386,-1.383,-1.441,-1.048,Psíquico,,Esférico
790,-0.973,8.366,-2.648,0,1,0,Protostar Pokémon,-0.994,-1.596,1.976,-1.383,2.202,-1.048,Psíquico,,Esférico
791,2.049,1.501,-2.648,0,1,0,Sunne Pokémon,2.621,2.045,1.169,1.427,0.672,1.088,Psíquico,Aço,Quadrúpede
792,2.599,0.521,-2.648,0,1,0,Moone Pokémon,2.621,1.236,0.564,2.23,1.328,1.088,Psíquico,Fantasma,Com asas
793,0.034,-0.054,-2.648,0,0,0,Parasite Pokémon,1.544,-0.787,-0.848,1.896,2.202,1.302,Pedra,Venenoso,Com tentáculos
794,1.134,2.425,-2.648,0,0,0,Swollen Pokémon,1.468,2.113,2.245,-0.58,-0.639,0.447,Inseto,Lutador,Com tentáculos
795,0.584,-0.326,-2.648,0,0,0,Lissome Pokémon,0.083,2.045,-1.184,2.23,-1.222,3.011,Inseto,Lutador,Humanoide
796,2.416,0.342,-2.648,0,0,0,Glowing Pokémon,0.545,0.427,-0.041,3.435,0.016,0.59,Elétrico,,Ereto
797,7.362,8.366,-2.648,0,0,0,Launch Pokémon,1.083,0.831,1.035,1.227,1.109,-0.194,Aço,Voador,Humanoide
798,-0.79,-0.548,-2.648,0,0,0,Drawn Sword Pokémon,-0.378,3.529,1.976,-0.379,-1.441,1.516,Grama,Aço,Humanoide
799,3.973,7.368,-2.648,0,0,0,Junkivore Pokémon,5.928,0.831,-0.646,0.892,-0.639,-0.835,Sombrio,Dragão,Ereto
800,1.134,1.501,-2.648,0,1,0,Prism Pokémon,1.083,1.034,0.967,1.896,0.672,0.447,Psíquico,,Com braços
801,-0.149,0.168,-2.648,0,0,1,Artificial Pokémon,0.429,0.629,1.438,1.996,1.62,-0.051,Aço,Fada,Humanoide
802,-0.424,-0.351,-2.648,0,0,1,Gloomdweller Pokémon,0.814,1.641,0.261,0.658,0.709,2.085,Lutador,Fantasma,Humanoide
803,-0.515,-0.533,-2.648,0,0,0,Poison Pin Pokémon,-0.071,-0.113,-0.176,0.089,-0.129,0.234,Venenoso,,Ereto
804,2.233,0.788,-2.648,0,0,0,Poison Pin Pokémon,0.16,-0.113,0.026,1.896,0.089,1.943,Venenoso,Dragão,Com asas
805,3.973,6.762,-2.648,0,0,0,Rampart Pokémon,-0.301,1.843,4.666,-0.58,1.109,-1.903,Pedra,Aço,Quadrúpede
806,0.584,-0.433,-2.648,0,0,0,Fireworks Pokémon,-0.609,1.708,-0.646,2.699,0.308,1.444,Fogo,Fantasma,Humanoide
1000,0.034,-0.282,-0.186,0,0,0,Coin Entity Pokémon,0.698,-0.551,0.766,2.097,0.745,0.625,Aço,Fantasma,Humanoide
1001,0.309,0.112,-2.648,0,1,0,Ruinous Pokémon,0.622,0.292,0.934,0.825,2.348,0.127,Sombrio,Grama,Rabiscado
10001,0.492,-0.007,-2.648,0,0,1,DNA Pokémon,-0.724,3.495,-1.756,3.669,-1.842,2.975,Psíquico,,Humanoide
10002,0.492,-0.007,-2.648,0,0,1,DNA Pokémon,-0.724,-0.214,2.951,-0.011,3.259,0.839,Psíquico,,Humanoide
10003,0.492,-0.007,-2.648,0,0,1,DNA Pokémon,-0.724,0.629,0.598,0.825,0.709,4.044,Psíquico,,Humanoide
10004,-0.607,-0.491,0.799,0,0,0,Bagworm Pokémon,-0.34,0.09,1.102,-0.379,0.527,-1.084,Inseto,Terrestre,Massa informe
10005,-0.607,-0.491,0.799,0,0,0,Bagworm Pokémon,-0.34,-0.247,0.766,-0.045,0.891,-1.084,Inseto,Aço,Massa informe
10006,-0.698,-0.503,2.277,0,0,1,Gratitude Pokémon,1.198,0.899,0.093,1.662,0.162,2.156,Grama,Voador,Quadrúpede
10007,5.255,5.246,-2.648,0,1,0,Renegade Pokémon,3.121,1.472,0.934,1.662,1.073,0.839,Fantasma,Dragão,Com tentáculos
10008,-0.79,-0.547,-0.186,0,0,0,Plasma Pokémon,-0.724,-0.382,1.169,1.16,1.328,0.697,Elétrico,Fogo,Esférico
10009,-0.79,-0.547,-0.186,0,0,0,Plasma Pokémon,-0.724,-0.382,1.169,1.16,1.328,0.697,Elétrico,Água,Esférico
10010,-0.79,-0.547,-0.186,0,0,0,Plasma Pokémon,-0.724,-0.382,1.169,1.16,1.328,0.697,Elétrico,Gelo,Esférico
10011,-0.79,-0.547,-0.186,0,0,0,Plasma Pokémon,-0.724,-0.382,1.169,1.16,1.328,0.697,Elétrico,Voador,Esférico
10012,-0.79,-0.547,-0.186,0,0,0,Plasma Pokémon,-0.724,-0.382,1.169,1.16,1.328,0.697,Elétrico,Grama,Esférico
10013,-0.79,-0.542,0.799,0,0,0,Weather Pokémon,0.045,-0.214,-0.075,-0.011,-0.02,0.127,Fogo,,Esférico
10014,-0.79,-0.542,0.799,0,0,0,Weather Pokémon,0.045,-0.214,-0.075,-0.011,-0.02,0.127,Água,,Esférico
10015,-0.79,-0.542,0.799,0,0,0,Weather Pokémon,0.045,-0.214,-0.075,-0.011,-0.02,0.127,Gelo,,Esférico
10016,-0.149,-0.389,-0.186,0,0,0,Hostile Pokémon,0.045,0.528,-0.243,0.323,-0.566,1.124,Água,,Peixe
10017,0.126,0.279,-0.186,0,0,0,Blazing Pokémon,1.391,-1.562,1.102,2.331,1.255,-0.407,Fogo,Psíquico,Quadrúpede
10018,-0.515,-0.491,2.277,0,0,1,Melody Pokémon,1.198,1.742,0.598,0.223,0.235,2.192,Normal,Lutador,Humanoide
10019,0.218,0.012,1.784,0,1,0,Cyclone Pokémon,0.391,0.798,0.261,1.327,0.709,1.943,Voador,,Com braços
10020,1.683,-0.005,1.784,0,1,0,Bolt Strike Pokémon,0.391,0.966,-0.075,2.498,0.344,1.231,Elétrico,Voador,Com braços
10021,0.126,0.057,1.784,0,1,0,Abundance Pokémon,0.775,2.315,0.598,1.16,0.344,0.875,Terrestre,Voador,Com braços
